TIPO;AGENCIA_ZONAL_INSTALACION;ORDEN;FECHA_EMISION
Emision;VINA DEL MAR;1332756613;20260809
Emision;VINA DEL MAR;1335688784;20260814
Emision;VALPARAISO;1330669488;20260806
Emision;SAN ANTONIO;1332806334;20260810
Emision;VALPARAISO;1332966144;20260810
Emision;VALPARAISO;1333841508;20260812
Emision;VALPARAISO;1330024846;20260804
Emision;VALPARAISO;1329763762;20260804
Emision;VINA DEL MAR;1329902158;20260804
Emision;VALPARAISO;1335462828;20260814
Emision;VALPARAISO;1333173778;20260811
Emision;VALPARAISO;1333296240;20260811
Emision;SAN ANTONIO;1334521721;20260813
Emision;VINA DEL MAR;1330577966;20260806
Emision;VALPARAISO;1330258685;20260805
Emision;VALPARAISO;1332808425;20260810
Emision;VINA DEL MAR;1335669150;20260814
Emision;VALPARAISO;1336066772;20260815
Emision;VALPARAISO;1333270239;20260811
Emision;VINA DEL MAR;1336023050;20260815
Emision;VALPARAISO;1328574818;20260801
Emision;SAN ANTONIO;1330048483;20260804
Emision;VALPARAISO;1330465704;20260805
Emision;VALPARAISO;1336098690;20260815
Emision;VALPARAISO;1335742772;20260814
Emision;VALPARAISO;1330397465;20260805
Emision;VINA DEL MAR;1332514181;20260808
Emision;SAN ANTONIO;1330071590;20260804
Emision;VALPARAISO;1330007858;20260804
Emision;VALPARAISO;1329371132;20260803
Emision;VINA DEL MAR;1331788649;20260807
Emision;VINA DEL MAR;1330436605;20260805
Emision;VALPARAISO;1329555373;20260803
Emision;VINA DEL MAR;1333808196;20260812
Emision;VALPARAISO;1332836262;20260810
Emision;VALPARAISO;1329178659;20260803
Emision;VALPARAISO;1331817520;20260807
Emision;VINA DEL MAR;1332963175;20260810
Emision;VALPARAISO;1330538401;20260805
Emision;VALPARAISO;1330519312;20260805
Emision;VALPARAISO;1330377261;20260805
Emision;VALPARAISO;1333934715;20260812
Emision;VINA DEL MAR;1329588490;20260803
Emision;VALPARAISO;1330385804;20260805
Emision;VALPARAISO;1330305512;20260805
Emision;SAN ANTONIO;1335498830;20260814
Emision;VALPARAISO;1330785126;20260806
Emision;VALPARAISO;1333801968;20260812
Emision;VALPARAISO;1336027558;20260815
Emision;VINA DEL MAR;1330529232;20260805
Emision;SAN ANTONIO;1331947121;20260807
Emision;VALPARAISO;1331737350;20260807
Emision;VINA DEL MAR;1329191057;20260803
Emision;VINA DEL MAR;1331876575;20260807
Emision;VINA DEL MAR;1330585090;20260806
Emision;VALPARAISO;1332881823;20260810
Emision;VINA DEL MAR;1335845679;20260814
Emision;SAN ANTONIO;1330679108;20260806
Emision;VINA DEL MAR;1334017902;20260812
Emision;VALPARAISO;1333405189;20260811
Emision;VINA DEL MAR;1334490663;20260813
Emision;VALPARAISO;1332622565;20260808
Emision;VALPARAISO;1333278967;20260811
Emision;VINA DEL MAR;1332402969;20260808
Emision;SAN ANTONIO;1333883374;20260812
Emision;VALPARAISO;1330191268;20260805
Emision;VINA DEL MAR;1330731517;20260806
Emision;VALPARAISO;1330364852;20260805
Emision;VALPARAISO;1330584032;20260806
Emision;VINA DEL MAR;1333051327;20260810
Emision;VINA DEL MAR;1331986398;20260807
Emision;SAN ANTONIO;1335728610;20260814
Emision;VINA DEL MAR;1330612873;20260806
Emision;SAN ANTONIO;1332612586;20260808
Emision;VALPARAISO;1333719690;20260812
Emision;VALPARAISO;1332089840;20260807
Emision;VALPARAISO;1332906401;20260810
Emision;VALPARAISO;1333289416;20260811
Emision;VINA DEL MAR;1331929117;20260807
Emision;VALPARAISO;1335886533;20260814
Emision;VINA DEL MAR;1334398368;20260813
Emision;VINA DEL MAR;1328956859;20260802
Emision;VALPARAISO;1335714220;20260814
Emision;SAN ANTONIO;1330735859;20260806
Emision;VALPARAISO;1330736269;20260806
Emision;SAN ANTONIO;1330620246;20260806
Emision;VINA DEL MAR;1334417528;20260813
Emision;VINA DEL MAR;1329319267;20260803
Emision;VALPARAISO;1336097404;20260815
Emision;VINA DEL MAR;1329273052;20260803
Emision;VINA DEL MAR;1332933571;20260810
Emision;VINA DEL MAR;1330362223;20260805
Emision;VALPARAISO;1334481074;20260813
Emision;VALPARAISO;1332182534;20260807
Emision;VALPARAISO;1332558242;20260808
Emision;VALPARAISO;1335772287;20260814
Emision;VALPARAISO;1333760826;20260812
Emision;VALPARAISO;1334215064;20260812
Emision;VINA DEL MAR;1335541631;20260814
Emision;VALPARAISO;1329711464;20260804
Emision;VINA DEL MAR;1336031645;20260815
Emision;VINA DEL MAR;1334309906;20260813
Emision;VALPARAISO;1330734651;20260806
Emision;VALPARAISO;1334442821;20260813
Emision;VALPARAISO;1331797403;20260807
Emision;VALPARAISO;1334422534;20260813
Emision;VALPARAISO;1330798139;20260806
Emision;VINA DEL MAR;1329512602;20260803
Emision;VALPARAISO;1332821393;20260810
Emision;VINA DEL MAR;1335698810;20260814
Emision;VALPARAISO;1332086123;20260807
Emision;VALPARAISO;1330520386;20260805
Emision;VALPARAISO;1334371960;20260813
Emision;SAN ANTONIO;1330512749;20260805
Emision;VINA DEL MAR;1334328024;20260813
Emision;VINA DEL MAR;1330620655;20260806
Emision;VALPARAISO;1332061835;20260807
Emision;VALPARAISO;1331720310;20260807
Emision;VALPARAISO;1328954689;20260802
Emision;VINA DEL MAR;1331870937;20260807
Emision;VALPARAISO;1329392123;20260803
Emision;VINA DEL MAR;1329378736;20260803
Emision;VALPARAISO;1334473962;20260813
Emision;VINA DEL MAR;1329236021;20260803
Emision;VALPARAISO;1329285488;20260803
Emision;VINA DEL MAR;1329410718;20260803
Emision;VALPARAISO;1332998484;20260810
Emision;VINA DEL MAR;1332848340;20260810
Emision;VINA DEL MAR;1332888181;20260810
Emision;VALPARAISO;1329554060;20260803
Emision;VALPARAISO;1330604577;20260806
Emision;VALPARAISO;1333778861;20260812
Emision;VALPARAISO;1330032876;20260804
Emision;VINA DEL MAR;1332109498;20260807
Emision;VINA DEL MAR;1329998883;20260804
Emision;VALPARAISO;1328781111;20260801
Emision;VINA DEL MAR;1329475948;20260803
Emision;VALPARAISO;1330018699;20260804
Emision;VINA DEL MAR;1332896154;20260810
Emision;VINA DEL MAR;1331929893;20260807
Emision;VINA DEL MAR;1335982468;20260815
Emision;VALPARAISO;1332852971;20260810
Emision;VINA DEL MAR;1329414412;20260803
Emision;VINA DEL MAR;1332567906;20260808
Emision;VINA DEL MAR;1330805385;20260806
Emision;VINA DEL MAR;1335718700;20260814
Emision;VALPARAISO;1332059689;20260807
Emision;VALPARAISO;1329913127;20260804
Emision;VALPARAISO;1330292571;20260805
Emision;VALPARAISO;1330537914;20260805
Emision;VINA DEL MAR;1330463156;20260805
Emision;VALPARAISO;1330388623;20260805
Emision;VINA DEL MAR;1328422726;20260801
Emision;VALPARAISO;1332126135;20260807
Emision;VALPARAISO;1332984862;20260810
Emision;VALPARAISO;1329096904;20260802
Emision;VALPARAISO;1333259600;20260811
Emision;VALPARAISO;1335509353;20260814
Emision;VALPARAISO;1331847634;20260807
Emision;VALPARAISO;1330497227;20260805
Emision;VINA DEL MAR;1330423464;20260805
Emision;VINA DEL MAR;1329283849;20260803
Emision;VALPARAISO;1334522668;20260813
Emision;VINA DEL MAR;1336028196;20260815
Emision;VALPARAISO;1336045026;20260815
Emision;VALPARAISO;1334207800;20260812
Emision;VALPARAISO;1330521630;20260805
Emision;VALPARAISO;1333197165;20260811
Emision;VALPARAISO;1334406026;20260813
Emision;VINA DEL MAR;1333788514;20260812
Emision;VINA DEL MAR;1329962173;20260804
Emision;VINA DEL MAR;1330450293;20260805
Emision;VALPARAISO;1332759876;20260809
Emision;VINA DEL MAR;1329755096;20260804
Emision;VALPARAISO;1333377484;20260811
Emision;VALPARAISO;1330705572;20260806
Emision;VINA DEL MAR;1334427095;20260813
Emision;VALPARAISO;1329354119;20260803
Emision;VINA DEL MAR;1330733204;20260806
Emision;VALPARAISO;1331778549;20260807
Emision;VINA DEL MAR;1330220854;20260805
Emision;VALPARAISO;1329267624;20260803
Emision;VALPARAISO;1331994920;20260807
Emision;VALPARAISO;1333037136;20260810
Emision;VALPARAISO;1329532208;20260803
Emision;SAN ANTONIO;1334404746;20260813
Emision;VINA DEL MAR;1334172842;20260812
Emision;VALPARAISO;1330115092;20260805
Emision;VINA DEL MAR;1333279153;20260811
Emision;VINA DEL MAR;1335864327;20260814
Emision;VALPARAISO;1332884115;20260810
Emision;VINA DEL MAR;1333378693;20260811
Emision;VINA DEL MAR;1330366052;20260805
Emision;VINA DEL MAR;1333842433;20260812
Emision;VINA DEL MAR;1333353399;20260811
Emision;SAN ANTONIO;1334407745;20260813
Emision;VALPARAISO;1334306258;20260813
Emision;VALPARAISO;1329838412;20260804
Emision;VINA DEL MAR;1335499308;20260814
Emision;VALPARAISO;1334420254;20260813
Emision;SAN ANTONIO;1335734224;20260814
Emision;VINA DEL MAR;1335744230;20260814
Emision;VALPARAISO;1330621277;20260806
Emision;VINA DEL MAR;1332895436;20260810
Emision;VALPARAISO;1332945134;20260810
Emision;VINA DEL MAR;1333054024;20260810
Emision;VINA DEL MAR;1332073750;20260807
Emision;VALPARAISO;1334504228;20260813
Emision;VALPARAISO;1328504487;20260801
Emision;VALPARAISO;1332944132;20260810
Emision;VINA DEL MAR;1329203782;20260803
Emision;VALPARAISO;1335485108;20260814
Emision;VALPARAISO;1330277777;20260805
Emision;VINA DEL MAR;1329413612;20260803
Emision;VINA DEL MAR;1330635100;20260806
Emision;VINA DEL MAR;1332885193;20260810
Emision;VINA DEL MAR;1328738011;20260801
Emision;VINA DEL MAR;1333944756;20260812
Emision;VINA DEL MAR;1333878464;20260812
Emision;SAN ANTONIO;1330527242;20260805
Emision;VALPARAISO;1330798738;20260806
Emision;VALPARAISO;1335566871;20260814
Emision;VINA DEL MAR;1334167463;20260812
Emision;VALPARAISO;1329758687;20260804
Emision;VALPARAISO;1331935652;20260807
Emision;VALPARAISO;1330759471;20260806
Emision;SAN ANTONIO;1332920059;20260810
Emision;VINA DEL MAR;1330280479;20260805
Emision;VALPARAISO;1335791875;20260814
Emision;VINA DEL MAR;1330215500;20260805
Emision;VINA DEL MAR;1333212565;20260811
Emision;VINA DEL MAR;1333329835;20260811
Emision;VALPARAISO;1331832870;20260807
Emision;VALPARAISO;1332545389;20260808
Emision;VALPARAISO;1333044022;20260810
Emision;VALPARAISO;1335879731;20260814
Emision;VALPARAISO;1329725587;20260804
Emision;VALPARAISO;1334086821;20260812
Emision;VINA DEL MAR;1330664634;20260806
Emision;VALPARAISO;1332865209;20260810
Emision;VALPARAISO;1330213731;20260805
Emision;VALPARAISO;1329431538;20260803
Emision;VALPARAISO;1330067936;20260804
Emision;VINA DEL MAR;1329327225;20260803
Emision;VALPARAISO;1329750313;20260804
Emision;VALPARAISO;1330522449;20260805
Emision;VINA DEL MAR;1329684802;20260804
Emision;VINA DEL MAR;1330057886;20260804
Emision;VINA DEL MAR;1333199301;20260811
Emision;VALPARAISO;1329875569;20260804
Emision;VINA DEL MAR;1329043150;20260802
Emision;VALPARAISO;1334458740;20260813
Emision;VALPARAISO;1329329019;20260803
Emision;VALPARAISO;1328507690;20260801
Emision;VALPARAISO;1332568850;20260808
Emision;SAN ANTONIO;1330481179;20260805
Emision;VALPARAISO;1333820063;20260812
Emision;VALPARAISO;1332516576;20260808
Emision;VALPARAISO;1335713175;20260814
Emision;VINA DEL MAR;1332848886;20260810
Emision;VALPARAISO;1329721351;20260804
Emision;VALPARAISO;1334399629;20260813
Emision;VINA DEL MAR;1335783049;20260814
Emision;VINA DEL MAR;1331999460;20260807
Emision;VALPARAISO;1330500764;20260805
Emision;VALPARAISO;1333051250;20260810
Emision;VALPARAISO;1333866379;20260812
Emision;VINA DEL MAR;1328742413;20260801
Emision;VINA DEL MAR;1330065363;20260804
Emision;VALPARAISO;1330516780;20260805
Emision;VALPARAISO;1330455306;20260805
Emision;VALPARAISO;1334518308;20260813
Emision;VALPARAISO;1334398537;20260813
Emision;VALPARAISO;1333370835;20260811
Emision;VALPARAISO;1332082500;20260807
Emision;VALPARAISO;1335645535;20260814
Emision;VINA DEL MAR;1334390047;20260813
Emision;VINA DEL MAR;1329378055;20260803
Emision;VALPARAISO;1330383866;20260805
Emision;VALPARAISO;1330344035;20260805
Emision;VALPARAISO;1330661946;20260806
Emision;VINA DEL MAR;1330027584;20260804
Emision;VALPARAISO;1334210951;20260812
Emision;VINA DEL MAR;1329587661;20260803
Emision;VALPARAISO;1335788106;20260814
Emision;VINA DEL MAR;1330213455;20260805
Emision;SAN ANTONIO;1329819136;20260804
Emision;VINA DEL MAR;1334452285;20260813
Emision;VALPARAISO;1329524101;20260803
Emision;VALPARAISO;1330521283;20260805
Emision;VALPARAISO;1329509796;20260803
Emision;VALPARAISO;1333359525;20260811
Emision;VINA DEL MAR;1332512510;20260808
Emision;VALPARAISO;1333353972;20260811
Emision;VALPARAISO;1333332607;20260811
Emision;VINA DEL MAR;1330069669;20260804
Emision;SAN ANTONIO;1332539435;20260808
Emision;VALPARAISO;1333414916;20260811
Emision;VINA DEL MAR;1330325296;20260805
Emision;VALPARAISO;1333824270;20260812
Emision;VINA DEL MAR;1329206733;20260803
Emision;VINA DEL MAR;1331805177;20260807
Emision;VALPARAISO;1332473770;20260808
Emision;VALPARAISO;1333033281;20260810
Emision;VALPARAISO;1330074260;20260804
Emision;VALPARAISO;1333379171;20260811
Emision;VALPARAISO;1329561339;20260803
Emision;VINA DEL MAR;1332530386;20260808
Emision;VINA DEL MAR;1334418697;20260813
Emision;VINA DEL MAR;1330066416;20260804
Emision;VALPARAISO;1333768905;20260812
Emision;VALPARAISO;1332437255;20260808
Emision;VINA DEL MAR;1330525374;20260805
Emision;VINA DEL MAR;1335770668;20260814
Emision;VALPARAISO;1332882470;20260810
Emision;VINA DEL MAR;1329324198;20260803
Emision;VALPARAISO;1332063340;20260807
Emision;VALPARAISO;1333259001;20260811
Emision;VALPARAISO;1334486234;20260813
Emision;VALPARAISO;1329550407;20260803
Emision;VALPARAISO;1329963058;20260804
Emision;VALPARAISO;1333011828;20260810
Emision;VALPARAISO;1330339894;20260805
Emision;VALPARAISO;1329922358;20260804
Emision;VINA DEL MAR;1329802714;20260804
Emision;VALPARAISO;1334389644;20260813
Emision;SAN ANTONIO;1328556054;20260801
Emision;VALPARAISO;1329397533;20260803
Emision;SAN ANTONIO;1333719614;20260812
Emision;VALPARAISO;1334393706;20260813
Emision;VALPARAISO;1329431505;20260803
Emision;VINA DEL MAR;1333907155;20260812
Emision;VINA DEL MAR;1332491137;20260808
Emision;VINA DEL MAR;1330006434;20260804
Emision;VALPARAISO;1331964618;20260807
Emision;VALPARAISO;1328515172;20260801
Emision;VALPARAISO;1333267884;20260811
Emision;VALPARAISO;1333698782;20260812
Emision;VINA DEL MAR;1333209172;20260811
Emision;VALPARAISO;1329225088;20260803
Emision;VALPARAISO;1330757656;20260806
Emision;VINA DEL MAR;1330003816;20260804
Emision;VALPARAISO;1333298040;20260811
Emision;VALPARAISO;1333048001;20260810
Emision;VINA DEL MAR;1330054619;20260804
Emision;VINA DEL MAR;1330783009;20260806
Emision;VALPARAISO;1331993180;20260807
Emision;VALPARAISO;1330796819;20260806
Emision;VINA DEL MAR;1330400721;20260805
Emision;VALPARAISO;1329134735;20260802
Emision;VALPARAISO;1334352867;20260813
Emision;VALPARAISO;1333244220;20260811
Emision;VALPARAISO;1330317880;20260805
Emision;VINA DEL MAR;1330320019;20260805
Emision;VALPARAISO;1333971055;20260812
Emision;VALPARAISO;1330581247;20260806
Emision;VALPARAISO;1332158917;20260807
Emision;VALPARAISO;1332832054;20260810
Emision;VINA DEL MAR;1332449007;20260808
Emision;VALPARAISO;1330212025;20260805
Emision;VINA DEL MAR;1330062438;20260804
Emision;VALPARAISO;1330759270;20260806
Emision;VALPARAISO;1330008958;20260804
Emision;VINA DEL MAR;1335616597;20260814
Emision;VALPARAISO;1329486354;20260803
Emision;VINA DEL MAR;1329469024;20260803
Emision;VALPARAISO;1329429363;20260803
Emision;VALPARAISO;1333278868;20260811
Emision;VINA DEL MAR;1333280607;20260811
Emision;VALPARAISO;1330814380;20260806
Emision;VINA DEL MAR;1329523007;20260803
Emision;VALPARAISO;1335792306;20260814
Emision;VALPARAISO;1329698415;20260804
Emision;VALPARAISO;1329890476;20260804
Emision;VALPARAISO;1332894817;20260810
Emision;VINA DEL MAR;1333025751;20260810
Emision;VALPARAISO;1331662633;20260807
Emision;VALPARAISO;1334401534;20260813
Emision;VINA DEL MAR;1329936413;20260804
Emision;VINA DEL MAR;1333340612;20260811
Emision;VALPARAISO;1330518217;20260805
Emision;VALPARAISO;1334504346;20260813
Emision;VINA DEL MAR;1334102555;20260812
Emision;VALPARAISO;1330719065;20260806
Emision;VINA DEL MAR;1333365221;20260811
Emision;VALPARAISO;1333449926;20260811
Emision;VALPARAISO;1331880526;20260807
Emision;VALPARAISO;1328728616;20260801
Emision;VINA DEL MAR;1334084382;20260812
Emision;SAN ANTONIO;1333260123;20260811
Emision;VALPARAISO;1330219860;20260805
Emision;VINA DEL MAR;1330755419;20260806
Emision;VINA DEL MAR;1335778039;20260814
Emision;VALPARAISO;1334010831;20260812
Emision;VALPARAISO;1334340266;20260813
Emision;VALPARAISO;1332503080;20260808
Emision;VALPARAISO;1329763113;20260804
Emision;VALPARAISO;1330303456;20260805
Emision;VALPARAISO;1329443566;20260803
Emision;VINA DEL MAR;1333374800;20260811
Emision;VALPARAISO;1333332351;20260811
Emision;VINA DEL MAR;1330411507;20260805
Emision;VALPARAISO;1330011449;20260804
Emision;VINA DEL MAR;1335696810;20260814
Emision;VINA DEL MAR;1330098735;20260804
Emision;VINA DEL MAR;1332004162;20260807
Emision;VINA DEL MAR;1329902462;20260804
Emision;SAN ANTONIO;1334417762;20260813
Emision;VALPARAISO;1330023482;20260804
Emision;VINA DEL MAR;1333260259;20260811
Emision;VALPARAISO;1330036388;20260804
Emision;VALPARAISO;1333877275;20260812
Emision;VINA DEL MAR;1332781217;20260809
Emision;VINA DEL MAR;1330025211;20260804
Emision;VINA DEL MAR;1330677751;20260806
Emision;VALPARAISO;1333327520;20260811
Emision;VALPARAISO;1334222559;20260812
Emision;VALPARAISO;1331866220;20260807
Emision;VALPARAISO;1332986995;20260810
Emision;VALPARAISO;1330651553;20260806
Emision;VALPARAISO;1329532477;20260803
Emision;VALPARAISO;1330693694;20260806
Emision;VALPARAISO;1333408616;20260811
Emision;VALPARAISO;1330067478;20260804
Emision;VALPARAISO;1330778114;20260806
Emision;VALPARAISO;1335715710;20260814
Emision;VINA DEL MAR;1329465405;20260803
Emision;VALPARAISO;1330310238;20260805
Emision;VALPARAISO;1332088185;20260807
Emision;VALPARAISO;1328997662;20260802
Emision;VALPARAISO;1329531072;20260803
Emision;VINA DEL MAR;1332868557;20260810
Emision;SAN ANTONIO;1331935679;20260807
Emision;VALPARAISO;1331693018;20260807
Emision;VINA DEL MAR;1333742364;20260812
Emision;VALPARAISO;1333352971;20260811
Emision;VALPARAISO;1329414204;20260803
Emision;VINA DEL MAR;1334479018;20260813
Emision;VINA DEL MAR;1333327373;20260811
Emision;VALPARAISO;1333878264;20260812
Emision;VINA DEL MAR;1335578994;20260814
Emision;VALPARAISO;1330775988;20260806
Emision;VALPARAISO;1335549223;20260814
Emision;VINA DEL MAR;1334504404;20260813
Emision;VINA DEL MAR;1331900095;20260807
Emision;VINA DEL MAR;1329228839;20260803
Emision;SAN ANTONIO;1329482144;20260803
Emision;VALPARAISO;1334522148;20260813
Emision;VINA DEL MAR;1334434109;20260813
Emision;VALPARAISO;1329465227;20260803
Emision;VALPARAISO;1329662764;20260804
Emision;VALPARAISO;1333048544;20260810
Emision;VALPARAISO;1329485130;20260803
Emision;VINA DEL MAR;1330663093;20260806
Emision;VALPARAISO;1333019966;20260810
Emision;VINA DEL MAR;1333840527;20260812
Emision;VINA DEL MAR;1333017041;20260810
Emision;VALPARAISO;1330224831;20260805
Emision;VINA DEL MAR;1329277196;20260803
Emision;VINA DEL MAR;1335571489;20260814
Emision;VINA DEL MAR;1334082955;20260812
Emision;VINA DEL MAR;1333012368;20260810
Emision;VALPARAISO;1333300087;20260811
Emision;VALPARAISO;1330097713;20260804
Emision;VINA DEL MAR;1333752482;20260812
Emision;VINA DEL MAR;1335740847;20260814
Emision;VINA DEL MAR;1329894269;20260804
Emision;VINA DEL MAR;1329714315;20260804
Emision;VINA DEL MAR;1332463249;20260808
Emision;VINA DEL MAR;1329358067;20260803
Emision;VALPARAISO;1330067153;20260804
Emision;VALPARAISO;1328626212;20260801
Emision;VINA DEL MAR;1334427881;20260813
Emision;VINA DEL MAR;1335884162;20260814
Emision;VALPARAISO;1335791839;20260814
Emision;VALPARAISO;1333864051;20260812
Emision;VALPARAISO;1330257581;20260805
Emision;VALPARAISO;1330728594;20260806
Emision;VINA DEL MAR;1328919135;20260801
Emision;VALPARAISO;1330505719;20260805
Emision;VALPARAISO;1333281008;20260811
Emision;VALPARAISO;1335484978;20260814
Emision;VALPARAISO;1336029785;20260815
Emision;VALPARAISO;1335822119;20260814
Emision;VINA DEL MAR;1329207570;20260803
Emision;VINA DEL MAR;1332925469;20260810
Emision;VINA DEL MAR;1330030296;20260804
Emision;VALPARAISO;1335482565;20260814
Emision;VALPARAISO;1336067825;20260815
Emision;VINA DEL MAR;1330395132;20260805
Emision;VINA DEL MAR;1334419990;20260813
Emision;VALPARAISO;1330212719;20260805
Emision;VALPARAISO;1333035988;20260810
Emision;VINA DEL MAR;1330625663;20260806
Emision;VINA DEL MAR;1332902762;20260810
Emision;SAN ANTONIO;1329428691;20260803
Emision;VALPARAISO;1332825924;20260810
Emision;VALPARAISO;1335498889;20260814
Emision;VALPARAISO;1331721487;20260807
Emision;VALPARAISO;1330524740;20260805
Emision;VALPARAISO;1335996758;20260815
Emision;VALPARAISO;1335808575;20260814
Emision;VALPARAISO;1328509200;20260801
Emision;VALPARAISO;1334335472;20260813
Emision;VALPARAISO;1334467870;20260813
Emision;VALPARAISO;1333937857;20260812
Emision;VALPARAISO;1333043040;20260810
Emision;VALPARAISO;1330038112;20260804
Emision;VALPARAISO;1332855824;20260810
Emision;VALPARAISO;1328939992;20260801
Emision;VINA DEL MAR;1330319661;20260805
Emision;VINA DEL MAR;1333410313;20260811
Emision;VINA DEL MAR;1329427759;20260803
Emision;VALPARAISO;1329660557;20260804
Emision;VINA DEL MAR;1330043353;20260804
Emision;VALPARAISO;1332451293;20260808
Emision;VALPARAISO;1334431100;20260813
Emision;VALPARAISO;1329687572;20260804
Emision;VINA DEL MAR;1333408802;20260811
Emision;VINA DEL MAR;1330427097;20260805
Emision;VINA DEL MAR;1335666089;20260814
Emision;VINA DEL MAR;1328965129;20260802
Emision;VINA DEL MAR;1329503014;20260803
Emision;VALPARAISO;1334485135;20260813
Emision;VALPARAISO;1330074350;20260804
Emision;VALPARAISO;1333010423;20260810
Emision;VALPARAISO;1332175662;20260807
Emision;VINA DEL MAR;1329857532;20260804
Emision;VALPARAISO;1334375644;20260813
Emision;VALPARAISO;1330714571;20260806
Emision;VINA DEL MAR;1333857882;20260812
Emision;SAN ANTONIO;1335510323;20260814
Emision;VALPARAISO;1330292410;20260805
Emision;VALPARAISO;1335953759;20260815
Emision;VALPARAISO;1332064599;20260807
Emision;VALPARAISO;1333057476;20260810
Emision;VINA DEL MAR;1331865593;20260807
Emision;VALPARAISO;1330477801;20260805
Emision;VINA DEL MAR;1334436218;20260813
Emision;SAN ANTONIO;1333262221;20260811
Emision;VALPARAISO;1330308967;20260805
Emision;VINA DEL MAR;1329533304;20260803
Emision;VALPARAISO;1330092212;20260804
Emision;VINA DEL MAR;1329529382;20260803
Emision;VINA DEL MAR;1333367407;20260811
Emision;VALPARAISO;1333037955;20260810
Emision;VALPARAISO;1333842849;20260812
Emision;VINA DEL MAR;1334506954;20260813
Emision;VINA DEL MAR;1332013190;20260807
Emision;VALPARAISO;1329751699;20260804
Emision;VINA DEL MAR;1333044948;20260810
Emision;VALPARAISO;1333899871;20260812
Emision;VINA DEL MAR;1335574268;20260814
Emision;VALPARAISO;1328883484;20260801
Emision;VALPARAISO;1334081281;20260812
Emision;VINA DEL MAR;1332614335;20260808
Emision;VALPARAISO;1329693362;20260804
Emision;VALPARAISO;1332483863;20260808
Emision;VINA DEL MAR;1328904349;20260801
Emision;VALPARAISO;1334403398;20260813
Emision;VINA DEL MAR;1332752170;20260809
Emision;VALPARAISO;1329009454;20260802
Emision;VINA DEL MAR;1334105455;20260812
Emision;VINA DEL MAR;1333287349;20260811
Emision;VALPARAISO;1333752004;20260812
Emision;VALPARAISO;1330001598;20260804
Emision;VALPARAISO;1330433098;20260805
Emision;VALPARAISO;1328956700;20260802
Emision;VALPARAISO;1335737140;20260814
Emision;VINA DEL MAR;1334217825;20260812
Emision;VALPARAISO;1333843222;20260812
Emision;VALPARAISO;1328588340;20260801
Emision;VALPARAISO;1334424355;20260813
Emision;VINA DEL MAR;1332661696;20260808
Emision;VINA DEL MAR;1330486933;20260805
Emision;VINA DEL MAR;1329524625;20260803
Emision;VINA DEL MAR;1330313797;20260805
Emision;VALPARAISO;1334316845;20260813
Emision;VALPARAISO;1334505914;20260813
Emision;VINA DEL MAR;1335969144;20260815
Emision;VALPARAISO;1329056381;20260802
Emision;VALPARAISO;1329551869;20260803
Emision;VINA DEL MAR;1333338538;20260811
Emision;VALPARAISO;1332648109;20260808
Emision;VALPARAISO;1328500544;20260801
Emision;VALPARAISO;1333903120;20260812
Emision;VALPARAISO;1331770283;20260807
Emision;VINA DEL MAR;1332479146;20260808
Emision;VINA DEL MAR;1334062015;20260812
Emision;VINA DEL MAR;1331962103;20260807
Emision;VINA DEL MAR;1335738783;20260814
Emision;VINA DEL MAR;1333340117;20260811
Emision;VINA DEL MAR;1334212650;20260812
Emision;VALPARAISO;1335744888;20260814
Emision;SAN ANTONIO;1333399867;20260811
Emision;VALPARAISO;1328850708;20260801
Emision;VINA DEL MAR;1330735018;20260806
Emision;VALPARAISO;1333399073;20260811
Emision;VALPARAISO;1329773152;20260804
Emision;VALPARAISO;1329430744;20260803
Emision;VALPARAISO;1333240246;20260811
Emision;VINA DEL MAR;1333879617;20260812
Emision;VALPARAISO;1333365169;20260811
Emision;VINA DEL MAR;1329501459;20260803
Emision;VINA DEL MAR;1328605678;20260801
Emision;VINA DEL MAR;1329580529;20260803
Emision;VALPARAISO;1331751188;20260807
Emision;VALPARAISO;1333820880;20260812
Emision;VALPARAISO;1329512583;20260803
Emision;VALPARAISO;1333467986;20260811
Emision;VALPARAISO;1328675570;20260801
Emision;VALPARAISO;1336120339;20260815
Emision;VALPARAISO;1329075917;20260802
Emision;VALPARAISO;1335878859;20260814
Emision;VINA DEL MAR;1334157998;20260812
Emision;VALPARAISO;1335633842;20260814
Emision;VINA DEL MAR;1335678571;20260814
Emision;VINA DEL MAR;1334337927;20260813
Emision;VALPARAISO;1332154561;20260807
Emision;VALPARAISO;1335710954;20260814
Emision;VALPARAISO;1330603122;20260806
Emision;VALPARAISO;1330345484;20260805
Emision;VALPARAISO;1331843014;20260807
Emision;VALPARAISO;1329549092;20260803
Emision;VALPARAISO;1329251386;20260803
Emision;VALPARAISO;1332121019;20260807
Emision;VALPARAISO;1333374496;20260811
Emision;VALPARAISO;1329272545;20260803
Emision;VALPARAISO;1330206995;20260805
Emision;VINA DEL MAR;1334472300;20260813
Emision;VALPARAISO;1332540467;20260808
Emision;VALPARAISO;1330094463;20260804
Emision;VINA DEL MAR;1335881901;20260814
Emision;VALPARAISO;1328865360;20260801
Emision;VINA DEL MAR;1329708011;20260804
Emision;VINA DEL MAR;1332129020;20260807
Emision;VALPARAISO;1328964860;20260802
Emision;VALPARAISO;1332543118;20260808
Emision;VINA DEL MAR;1330438166;20260805
Emision;SAN ANTONIO;1333055128;20260810
Emision;VALPARAISO;1335563307;20260814
Emision;VINA DEL MAR;1332970430;20260810
Emision;VINA DEL MAR;1329424926;20260803
Emision;VALPARAISO;1329550006;20260803
Emision;VALPARAISO;1332905801;20260810
Emision;VALPARAISO;1332770512;20260809
Emision;VINA DEL MAR;1329546883;20260803
Emision;VINA DEL MAR;1332006918;20260807
Emision;VALPARAISO;1330667008;20260806
Emision;VINA DEL MAR;1330221014;20260805
Emision;VALPARAISO;1334480403;20260813
Emision;VINA DEL MAR;1329993727;20260804
Emision;VINA DEL MAR;1330714386;20260806
Emision;VINA DEL MAR;1335608998;20260814
Emision;VINA DEL MAR;1330463215;20260805
Emision;VINA DEL MAR;1330007096;20260804
Emision;VALPARAISO;1328946663;20260802
Emision;VALPARAISO;1334387822;20260813
Emision;VINA DEL MAR;1329769817;20260804
Emision;VALPARAISO;1333326812;20260811
Emision;VALPARAISO;1330194101;20260805
Emision;VINA DEL MAR;1330336600;20260805
Emision;VALPARAISO;1335445341;20260814
Emision;VALPARAISO;1332120647;20260807
Emision;VALPARAISO;1333885195;20260812
Emision;VALPARAISO;1335611530;20260814
Emision;VALPARAISO;1328601418;20260801
Emision;VALPARAISO;1329334873;20260803
Emision;VALPARAISO;1332913102;20260810
Emision;VALPARAISO;1335698491;20260814
Emision;VINA DEL MAR;1330265841;20260805
Emision;VINA DEL MAR;1330524209;20260805
Emision;VALPARAISO;1328428394;20260801
Emision;VINA DEL MAR;1329293405;20260803
Emision;SAN ANTONIO;1333041298;20260810
Emision;VINA DEL MAR;1333994282;20260812
Emision;VALPARAISO;1329892501;20260804
Emision;VALPARAISO;1330033844;20260804
Emision;VALPARAISO;1329338525;20260803
Emision;VALPARAISO;1331863121;20260807
Emision;VALPARAISO;1336093049;20260815
Emision;VALPARAISO;1334186168;20260812
Emision;VINA DEL MAR;1333270367;20260811
Emision;VALPARAISO;1334450522;20260813
Emision;VINA DEL MAR;1333353712;20260811
Emision;VINA DEL MAR;1332007576;20260807
Emision;SAN ANTONIO;1332834119;20260810
Emision;VALPARAISO;1330237838;20260805
Emision;VINA DEL MAR;1333330277;20260811
Emision;VALPARAISO;1335673546;20260814
Emision;VALPARAISO;1329496145;20260803
Emision;VINA DEL MAR;1330068077;20260804
Emision;VALPARAISO;1330670626;20260806
Emision;VALPARAISO;1335703616;20260814
Emision;VALPARAISO;1330682465;20260806
Emision;VALPARAISO;1332841399;20260810
Emision;VALPARAISO;1333254391;20260811
Emision;VALPARAISO;1334426918;20260813
Emision;VINA DEL MAR;1332184294;20260807
Emision;VALPARAISO;1330511040;20260805
Emision;VALPARAISO;1332868550;20260810
Emision;VALPARAISO;1333031097;20260810
Emision;VINA DEL MAR;1329343184;20260803
Emision;VINA DEL MAR;1329462081;20260803
Emision;VALPARAISO;1333922085;20260812
Emision;VALPARAISO;1329549880;20260803
Emision;VALPARAISO;1330277114;20260805
Emision;SAN ANTONIO;1335393118;20260814
Emision;VALPARAISO;1329344354;20260803
Emision;SAN ANTONIO;1330373570;20260805
Emision;VALPARAISO;1333421000;20260811
Emision;VALPARAISO;1330325036;20260805
Emision;VALPARAISO;1329906941;20260804
Emision;VINA DEL MAR;1330022414;20260804
Emision;VINA DEL MAR;1335479560;20260814
Emision;VALPARAISO;1329190526;20260803
Emision;VALPARAISO;1330333639;20260805
Emision;VALPARAISO;1334488230;20260813
Emision;VALPARAISO;1332104454;20260807
Emision;VINA DEL MAR;1330464600;20260805
Emision;VALPARAISO;1332834127;20260810
Emision;VALPARAISO;1330692499;20260806
Emision;VALPARAISO;1330580303;20260806
Emision;VALPARAISO;1330625313;20260806
Emision;VALPARAISO;1329935669;20260804
Emision;VINA DEL MAR;1334440763;20260813
Emision;VALPARAISO;1330501337;20260805
Emision;VALPARAISO;1330017320;20260804
Emision;VALPARAISO;1333020445;20260810
Emision;VALPARAISO;1328504093;20260801
Emision;VALPARAISO;1333890585;20260812
Emision;VINA DEL MAR;1336007793;20260815
Emision;VINA DEL MAR;1329065166;20260802
Emision;VINA DEL MAR;1333991839;20260812
Emision;SAN ANTONIO;1332616340;20260808
Emision;VALPARAISO;1328732129;20260801
Emision;VALPARAISO;1335832875;20260814
Emision;VALPARAISO;1329549951;20260803
Emision;SAN ANTONIO;1329983906;20260804
Emision;VINA DEL MAR;1335804650;20260814
Emision;VALPARAISO;1330313224;20260805
Emision;VINA DEL MAR;1329875524;20260804
Emision;VINA DEL MAR;1329371280;20260803
Emision;SAN ANTONIO;1330635909;20260806
Emision;VINA DEL MAR;1332955544;20260810
Emision;VINA DEL MAR;1333865699;20260812
Emision;VALPARAISO;1330472968;20260805
Emision;VALPARAISO;1329690451;20260804
Emision;VALPARAISO;1334421225;20260813
Emision;VALPARAISO;1334379468;20260813
Emision;VALPARAISO;1333363910;20260811
Emision;VINA DEL MAR;1335758792;20260814
Emision;VALPARAISO;1330531044;20260805
Emision;VALPARAISO;1330031583;20260804
Emision;VINA DEL MAR;1334386284;20260813
Emision;VALPARAISO;1333454374;20260811
Emision;VALPARAISO;1334494141;20260813
Emision;VINA DEL MAR;1330526802;20260805
Emision;VALPARAISO;1333039575;20260810
Emision;VALPARAISO;1333252450;20260811
Emision;VALPARAISO;1333864761;20260812
Emision;VALPARAISO;1330824399;20260806
Emision;VALPARAISO;1333024606;20260810
Emision;VINA DEL MAR;1334516162;20260813
Emision;VALPARAISO;1334312565;20260813
Emision;VINA DEL MAR;1330503469;20260805
Emision;VALPARAISO;1330184614;20260805
Emision;VALPARAISO;1329778195;20260804
Emision;VINA DEL MAR;1333279305;20260811
Emision;VALPARAISO;1329391252;20260803
Emision;SAN ANTONIO;1328954062;20260802
Emision;VINA DEL MAR;1333303249;20260811
Emision;VALPARAISO;1330149744;20260805
Emision;VINA DEL MAR;1333319737;20260811
Emision;VINA DEL MAR;1329512198;20260803
Emision;VALPARAISO;1329979005;20260804
Emision;VALPARAISO;1328435457;20260801
Emision;VALPARAISO;1333296569;20260811
Emision;VINA DEL MAR;1335585178;20260814
Emision;VINA DEL MAR;1329980380;20260804
Emision;VALPARAISO;1333028336;20260810
Emision;VINA DEL MAR;1328951659;20260802
Emision;VINA DEL MAR;1329999262;20260804
Emision;VALPARAISO;1333365092;20260811
Emision;VALPARAISO;1332876622;20260810
Emision;VALPARAISO;1330519587;20260805
Emision;VINA DEL MAR;1329440606;20260803
Emision;SAN ANTONIO;1334402096;20260813
Emision;VALPARAISO;1335801827;20260814
Emision;VALPARAISO;1336049074;20260815
Emision;VALPARAISO;1329531704;20260803
Emision;VALPARAISO;1332944408;20260810
Emision;VALPARAISO;1333361023;20260811
Emision;VINA DEL MAR;1328871447;20260801
Emision;VALPARAISO;1330705197;20260806
Emision;VALPARAISO;1330538467;20260805
Emision;VALPARAISO;1333313883;20260811
Emision;SAN ANTONIO;1333946709;20260812
Emision;VALPARAISO;1334467369;20260813
Emision;VALPARAISO;1330525860;20260805
Emision;VALPARAISO;1332197222;20260807
Emision;VALPARAISO;1328501719;20260801
Emision;VINA DEL MAR;1333328391;20260811
Emision;SAN ANTONIO;1331971462;20260807
Emision;VALPARAISO;1332607968;20260808
Emision;VALPARAISO;1329842979;20260804
Emision;VALPARAISO;1333827924;20260812
Emision;VALPARAISO;1335508336;20260814
Emision;VINA DEL MAR;1329708214;20260804
Emision;VINA DEL MAR;1332660743;20260808
Emision;VALPARAISO;1330142062;20260805
Emision;VALPARAISO;1330797893;20260806
Emision;VALPARAISO;1331905283;20260807
Emision;VALPARAISO;1332927879;20260810
Emision;VALPARAISO;1334024383;20260812
Emision;VALPARAISO;1330701238;20260806
Emision;VALPARAISO;1332214517;20260807
Emision;VINA DEL MAR;1330496219;20260805
Emision;VALPARAISO;1335879644;20260814
Emision;SAN ANTONIO;1332028642;20260807
Emision;VALPARAISO;1329381223;20260803
Emision;VALPARAISO;1330797915;20260806
Emision;VALPARAISO;1330486808;20260805
Emision;VALPARAISO;1333841556;20260812
Emision;VALPARAISO;1329727095;20260804
Emision;VINA DEL MAR;1332489192;20260808
Emision;VINA DEL MAR;1335702974;20260814
Emision;VALPARAISO;1333305544;20260811
Emision;VINA DEL MAR;1328670370;20260801
Emision;VALPARAISO;1335600152;20260814
Emision;VALPARAISO;1330469496;20260805
Emision;VINA DEL MAR;1335979364;20260815
Emision;VALPARAISO;1328865382;20260801
Emision;VINA DEL MAR;1330771934;20260806
Emision;VALPARAISO;1330821794;20260806
Emision;VALPARAISO;1329358702;20260803
Emision;VINA DEL MAR;1335382790;20260814
Emision;VALPARAISO;1332715647;20260809
Emision;VALPARAISO;1334217889;20260812
Emision;VALPARAISO;1330649169;20260806
Emision;VINA DEL MAR;1330094766;20260804
Emision;VALPARAISO;1335681821;20260814
Emision;VALPARAISO;1328563911;20260801
Emision;VALPARAISO;1328660044;20260801
Emision;VALPARAISO;1329148203;20260802
Emision;VINA DEL MAR;1329557356;20260803
Emision;VALPARAISO;1334168093;20260812
Emision;VINA DEL MAR;1332023433;20260807
Emision;VINA DEL MAR;1329724586;20260804
Emision;VALPARAISO;1330696692;20260806
Emision;VINA DEL MAR;1330636220;20260806
Emision;VALPARAISO;1329859493;20260804
Emision;VINA DEL MAR;1333199312;20260811
Emision;VINA DEL MAR;1329864408;20260804
Emision;VINA DEL MAR;1329363232;20260803
Emision;VALPARAISO;1330789734;20260806
Emision;VALPARAISO;1334445639;20260813
Emision;VALPARAISO;1329846398;20260804
Emision;VALPARAISO;1330617842;20260806
Emision;VALPARAISO;1330071512;20260804
Emision;VALPARAISO;1332825499;20260810
Emision;VALPARAISO;1332102400;20260807
Emision;SAN ANTONIO;1330794411;20260806
Emision;VINA DEL MAR;1330313525;20260805
Emision;VALPARAISO;1332123435;20260807
Emision;VINA DEL MAR;1332879738;20260810
Emision;VALPARAISO;1328534985;20260801
Emision;VINA DEL MAR;1328978654;20260802
Emision;VALPARAISO;1334486673;20260813
Emision;VINA DEL MAR;1332809980;20260810
Emision;VALPARAISO;1329258694;20260803
Emision;VINA DEL MAR;1334515936;20260813
Emision;VINA DEL MAR;1332836955;20260810
Emision;VALPARAISO;1330197559;20260805
Emision;VINA DEL MAR;1329015776;20260802
Emision;VINA DEL MAR;1333800648;20260812
Emision;VALPARAISO;1335848077;20260814
Emision;VALPARAISO;1334477467;20260813
Emision;VALPARAISO;1330319148;20260805
Emision;VALPARAISO;1333350784;20260811
Emision;VINA DEL MAR;1333018261;20260810
Emision;VALPARAISO;1333281880;20260811
Emision;VALPARAISO;1330515522;20260805
Emision;VALPARAISO;1332135218;20260807
Emision;VINA DEL MAR;1330502278;20260805
Emision;VINA DEL MAR;1330390915;20260805
Emision;VALPARAISO;1329952352;20260804
Emision;VALPARAISO;1332998121;20260810
Emision;VALPARAISO;1329720225;20260804
Emision;VINA DEL MAR;1334430737;20260813
Emision;VINA DEL MAR;1332104764;20260807
Emision;VALPARAISO;1329559449;20260803
Emision;VALPARAISO;1332746920;20260809
Emision;VINA DEL MAR;1332563718;20260808
Emision;SAN ANTONIO;1330537398;20260805
Emision;SAN ANTONIO;1330242973;20260805
Emision;VINA DEL MAR;1329369425;20260803
Emision;VALPARAISO;1329783709;20260804
Emision;VINA DEL MAR;1330767678;20260806
Emision;VALPARAISO;1331937234;20260807
Emision;VALPARAISO;1334040287;20260812
Emision;VINA DEL MAR;1332179361;20260807
Emision;VINA DEL MAR;1329909632;20260804
Emision;VALPARAISO;1332101153;20260807
Emision;VINA DEL MAR;1330064596;20260804
Emision;VALPARAISO;1336002982;20260815
Emision;VALPARAISO;1335719303;20260814
Emision;VALPARAISO;1336050695;20260815
Emision;VALPARAISO;1335790466;20260814
Emision;VINA DEL MAR;1332887501;20260810
Emision;VALPARAISO;1329754769;20260804
Emision;VINA DEL MAR;1332967876;20260810
Emision;VALPARAISO;1330669562;20260806
Emision;VALPARAISO;1334427798;20260813
Emision;VALPARAISO;1330701614;20260806
Emision;SAN ANTONIO;1335829816;20260814
Emision;VALPARAISO;1329475918;20260803
Emision;VALPARAISO;1332875242;20260810
Emision;VINA DEL MAR;1329943642;20260804
Emision;VINA DEL MAR;1333310087;20260811
Emision;VALPARAISO;1333353506;20260811
Emision;VINA DEL MAR;1329795368;20260804
Emision;VINA DEL MAR;1329811647;20260804
Emision;SAN ANTONIO;1333388865;20260811
Emision;VALPARAISO;1333434850;20260811
Emision;VALPARAISO;1330526204;20260805
Emision;VALPARAISO;1328422588;20260801
Emision;VALPARAISO;1333810905;20260812
Emision;VALPARAISO;1328542039;20260801
Emision;VINA DEL MAR;1331927182;20260807
Emision;VINA DEL MAR;1330525568;20260805
Emision;VINA DEL MAR;1329708288;20260804
Emision;VALPARAISO;1329496843;20260803
Emision;VALPARAISO;1329817952;20260804
Emision;VINA DEL MAR;1333005228;20260810
Emision;VINA DEL MAR;1329438080;20260803
Emision;VINA DEL MAR;1334437106;20260813
Emision;VALPARAISO;1330044858;20260804
Emision;VALPARAISO;1329302458;20260803
Emision;VINA DEL MAR;1330011374;20260804
Emision;VALPARAISO;1334355395;20260813
Emision;VALPARAISO;1335749355;20260814
Emision;VALPARAISO;1330726115;20260806
Emision;VINA DEL MAR;1332123748;20260807
Emision;VINA DEL MAR;1332143799;20260807
Emision;VALPARAISO;1332140196;20260807
Emision;VINA DEL MAR;1330533020;20260805
Emision;VALPARAISO;1329493952;20260803
Emision;VINA DEL MAR;1336055168;20260815
Emision;VINA DEL MAR;1332490432;20260808
Emision;VALPARAISO;1328548591;20260801
Emision;VALPARAISO;1336109764;20260815
Emision;VALPARAISO;1329799807;20260804
Emision;VINA DEL MAR;1332463898;20260808
Emision;VINA DEL MAR;1331996217;20260807
Emision;VALPARAISO;1335732237;20260814
Emision;VALPARAISO;1335797408;20260814
Emision;VALPARAISO;1332503781;20260808
Emision;VINA DEL MAR;1331854596;20260807
Emision;VALPARAISO;1329907870;20260804
Emision;VINA DEL MAR;1333176647;20260811
Emision;VALPARAISO;1329549237;20260803
Emision;VALPARAISO;1332620675;20260808
Emision;VALPARAISO;1330629003;20260806
Emision;VALPARAISO;1329082975;20260802
Emision;VINA DEL MAR;1330434791;20260805
Emision;VINA DEL MAR;1334467717;20260813
Emision;SAN ANTONIO;1332162397;20260807
Emision;VINA DEL MAR;1332046463;20260807
Emision;VINA DEL MAR;1330477482;20260805
Emision;VALPARAISO;1329710749;20260804
Emision;VINA DEL MAR;1333311869;20260811
Emision;SAN ANTONIO;1331989380;20260807
Emision;VALPARAISO;1332596337;20260808
Emision;VALPARAISO;1330523931;20260805
Emision;VALPARAISO;1330020851;20260804
Emision;VINA DEL MAR;1333025893;20260810
Emision;VINA DEL MAR;1330460240;20260805
Emision;VALPARAISO;1332965981;20260810
Emision;VINA DEL MAR;1331771605;20260807
Emision;VALPARAISO;1334381679;20260813
Emision;VINA DEL MAR;1330374368;20260805
Emision;VINA DEL MAR;1330474980;20260805
Emision;VINA DEL MAR;1331825505;20260807
Emision;VALPARAISO;1330491831;20260805
Emision;VALPARAISO;1330598952;20260806
Emision;VALPARAISO;1329746411;20260804
Emision;VALPARAISO;1332574835;20260808
Emision;VINA DEL MAR;1334429900;20260813
Emision;VINA DEL MAR;1330526854;20260805
Emision;VALPARAISO;1335669582;20260814
Emision;VALPARAISO;1330051266;20260804
Emision;VALPARAISO;1330618144;20260806
Emision;VALPARAISO;1330786766;20260806
Emision;VINA DEL MAR;1330779377;20260806
Emision;VINA DEL MAR;1332806037;20260810
Emision;VALPARAISO;1329329244;20260803
Emision;VALPARAISO;1330588514;20260806
Emision;VINA DEL MAR;1330790173;20260806
Emision;VINA DEL MAR;1330203779;20260805
Emision;VINA DEL MAR;1328499846;20260801
Emision;VALPARAISO;1332107372;20260807
Emision;SAN ANTONIO;1334331842;20260813
Emision;VALPARAISO;1336043712;20260815
Emision;SAN ANTONIO;1334375130;20260813
Emision;VALPARAISO;1332898495;20260810
Emision;VINA DEL MAR;1330717145;20260806
Emision;VALPARAISO;1334061643;20260812
Emision;VINA DEL MAR;1329453008;20260803
Emision;VINA DEL MAR;1329544555;20260803
Emision;VINA DEL MAR;1329287050;20260803
Emision;SAN ANTONIO;1333791907;20260812
Emision;VALPARAISO;1330497639;20260805
Emision;VALPARAISO;1330524163;20260805
Emision;VALPARAISO;1331819417;20260807
Emision;SAN ANTONIO;1330331611;20260805
Emision;VALPARAISO;1333205062;20260811
Emision;VALPARAISO;1333046251;20260810
Emision;VALPARAISO;1330830287;20260806
Emision;VINA DEL MAR;1329922318;20260804
Emision;VALPARAISO;1334400148;20260813
Emision;VALPARAISO;1335846349;20260814
Emision;VALPARAISO;1329815654;20260804
Emision;VINA DEL MAR;1330166603;20260805
Emision;VINA DEL MAR;1328895050;20260801
Emision;VALPARAISO;1330689130;20260806
Emision;VALPARAISO;1329971797;20260804
Emision;VALPARAISO;1328957617;20260802
Emision;VALPARAISO;1329383494;20260803
Emision;SAN ANTONIO;1329996900;20260804
Emision;VINA DEL MAR;1332966102;20260810
Emision;VINA DEL MAR;1334386970;20260813
Emision;VINA DEL MAR;1330224772;20260805
Emision;VALPARAISO;1330009380;20260804
Emision;VALPARAISO;1330070835;20260804
Emision;VALPARAISO;1334422232;20260813
Emision;VALPARAISO;1334491272;20260813
Emision;VINA DEL MAR;1334398248;20260813
Emision;VALPARAISO;1329977015;20260804
Emision;VALPARAISO;1330149647;20260805
Emision;VINA DEL MAR;1334402638;20260813
Emision;VINA DEL MAR;1330631158;20260806
Emision;VALPARAISO;1333256367;20260811
Emision;VALPARAISO;1328662148;20260801
Emision;VALPARAISO;1330741843;20260806
Emision;VINA DEL MAR;1333279265;20260811
Emision;VALPARAISO;1332780094;20260809
Emision;VALPARAISO;1329587924;20260803
Emision;VINA DEL MAR;1333765863;20260812
Emision;VALPARAISO;1332814375;20260810
Emision;VINA DEL MAR;1332136319;20260807
Emision;VALPARAISO;1329744643;20260804
Emision;VINA DEL MAR;1336055576;20260815
Emision;VINA DEL MAR;1332923532;20260810
Emision;VINA DEL MAR;1330518793;20260805
Emision;VINA DEL MAR;1328799239;20260801
Emision;VINA DEL MAR;1329905281;20260804
Emision;VINA DEL MAR;1333214042;20260811
Emision;VALPARAISO;1335641861;20260814
Emision;VINA DEL MAR;1335808946;20260814
Emision;VALPARAISO;1333311029;20260811
Emision;SAN ANTONIO;1334415250;20260813
Emision;VINA DEL MAR;1330775056;20260806
Emision;VALPARAISO;1333713680;20260812
Emision;VINA DEL MAR;1333823193;20260812
Emision;VALPARAISO;1332944386;20260810
Emision;SAN ANTONIO;1332159204;20260807
Emision;VINA DEL MAR;1334053076;20260812
Emision;VALPARAISO;1328900301;20260801
Emision;VINA DEL MAR;1329134693;20260802
Emision;VINA DEL MAR;1332830017;20260810
Emision;VALPARAISO;1332933111;20260810
Emision;VINA DEL MAR;1334506173;20260813
Emision;VALPARAISO;1331849752;20260807
Emision;VINA DEL MAR;1329854608;20260804
Emision;VINA DEL MAR;1330621806;20260806
Emision;VINA DEL MAR;1330059469;20260804
Emision;VALPARAISO;1330514900;20260805
Emision;VINA DEL MAR;1330596206;20260806
Emision;VALPARAISO;1328616991;20260801
Emision;VALPARAISO;1329291600;20260803
Emision;VALPARAISO;1333043273;20260810
Emision;VALPARAISO;1330763189;20260806
Emision;VINA DEL MAR;1334225808;20260812
Emision;VALPARAISO;1329239488;20260803
Emision;VINA DEL MAR;1335733775;20260814
Emision;VINA DEL MAR;1334484505;20260813
Emision;VINA DEL MAR;1329453522;20260803
Emision;VINA DEL MAR;1336029639;20260815
Emision;VALPARAISO;1329380535;20260803
Emision;VALPARAISO;1335982512;20260815
Emision;VINA DEL MAR;1333804630;20260812
Emision;VINA DEL MAR;1335403788;20260814
Emision;VALPARAISO;1335709016;20260814
Emision;VALPARAISO;1330053181;20260804
Emision;VALPARAISO;1328622934;20260801
Emision;VALPARAISO;1330527246;20260805
Emision;VALPARAISO;1333353008;20260811
Emision;VINA DEL MAR;1334502128;20260813
Emision;VALPARAISO;1334103328;20260812
Emision;VALPARAISO;1334324339;20260813
Emision;VALPARAISO;1332840465;20260810
Emision;VALPARAISO;1329509857;20260803
Emision;VINA DEL MAR;1332446876;20260808
Emision;VALPARAISO;1328523420;20260801
Emision;SAN ANTONIO;1336071628;20260815
Emision;VINA DEL MAR;1333758917;20260812
Emision;VINA DEL MAR;1334107975;20260812
Emision;VALPARAISO;1334453304;20260813
Emision;VINA DEL MAR;1333319996;20260811
Emision;VINA DEL MAR;1332698485;20260809
Emision;VALPARAISO;1329397141;20260803
Emision;VINA DEL MAR;1332012275;20260807
Emision;VALPARAISO;1329382012;20260803
Emision;VALPARAISO;1335769766;20260814
Emision;VALPARAISO;1332757697;20260809
Emision;SAN ANTONIO;1334209242;20260812
Emision;VINA DEL MAR;1330757248;20260806
Emision;SAN ANTONIO;1334369203;20260813
Emision;VALPARAISO;1336002604;20260815
Emision;VALPARAISO;1333311049;20260811
Emision;VALPARAISO;1330260974;20260805
Emision;SAN ANTONIO;1330781256;20260806
Emision;VINA DEL MAR;1334168171;20260812
Emision;VINA DEL MAR;1333483802;20260811
Emision;VALPARAISO;1333018310;20260810
Emision;VALPARAISO;1331997278;20260807
Emision;VALPARAISO;1329358340;20260803
Emision;VALPARAISO;1335571616;20260814
Emision;VALPARAISO;1335856274;20260814
Emision;VALPARAISO;1330481018;20260805
Emision;VALPARAISO;1331991453;20260807
Emision;VALPARAISO;1328777072;20260801
Emision;VINA DEL MAR;1333789368;20260812
Emision;VINA DEL MAR;1332134893;20260807
Emision;SAN ANTONIO;1332974701;20260810
Emision;VALPARAISO;1330508326;20260805
Emision;VALPARAISO;1329531215;20260803
Emision;VINA DEL MAR;1329453042;20260803
Emision;VINA DEL MAR;1333275004;20260811
Emision;VINA DEL MAR;1332873180;20260810
Emision;VALPARAISO;1333445660;20260811
Emision;VINA DEL MAR;1329032232;20260802
Emision;VALPARAISO;1333036239;20260810
Emision;VALPARAISO;1329547530;20260803
Emision;VALPARAISO;1330481384;20260805
Emision;VALPARAISO;1330278288;20260805
Emision;VINA DEL MAR;1335695039;20260814
Emision;VINA DEL MAR;1333255744;20260811
Emision;VALPARAISO;1333205721;20260811
Emision;VALPARAISO;1332070990;20260807
Emision;VALPARAISO;1329265669;20260803
Emision;VALPARAISO;1328470111;20260801
Emision;VALPARAISO;1329454332;20260803
Emision;VALPARAISO;1329288709;20260803
Emision;VINA DEL MAR;1328936895;20260801
Emision;VINA DEL MAR;1332735424;20260809
Emision;VALPARAISO;1333840143;20260812
Emision;VALPARAISO;1333763445;20260812
Emision;VALPARAISO;1334208388;20260812
Emision;VINA DEL MAR;1333037480;20260810
Emision;VINA DEL MAR;1331914005;20260807
Emision;VALPARAISO;1329552036;20260803
Emision;VALPARAISO;1332916642;20260810
Emision;VINA DEL MAR;1329591550;20260803
Emision;VINA DEL MAR;1335792015;20260814
Emision;VALPARAISO;1333351364;20260811
Emision;VALPARAISO;1329615131;20260804
Emision;VINA DEL MAR;1330464086;20260805
Emision;VALPARAISO;1328705453;20260801
Emision;VALPARAISO;1330752452;20260806
Emision;VALPARAISO;1332067176;20260807
Emision;VALPARAISO;1332559131;20260808
Emision;VINA DEL MAR;1333192427;20260811
Emision;VINA DEL MAR;1330069784;20260804
Emision;VINA DEL MAR;1332057487;20260807
Emision;VINA DEL MAR;1330791878;20260806
Emision;VINA DEL MAR;1333425163;20260811
Emision;VINA DEL MAR;1330788325;20260806
Emision;VALPARAISO;1333771528;20260812
Emision;VALPARAISO;1330673533;20260806
Emision;VINA DEL MAR;1330016799;20260804
Emision;VALPARAISO;1329882581;20260804
Emision;VINA DEL MAR;1329371732;20260803
Emision;VALPARAISO;1331983912;20260807
Emision;SAN ANTONIO;1330732371;20260806
Emision;VALPARAISO;1334481130;20260813
Emision;VALPARAISO;1333774107;20260812
Emision;VALPARAISO;1328563279;20260801
Emision;SAN ANTONIO;1328517404;20260801
Emision;VALPARAISO;1330624688;20260806
Emision;VALPARAISO;1329282688;20260803
Emision;VINA DEL MAR;1328516182;20260801
Emision;VINA DEL MAR;1330449188;20260805
Emision;VALPARAISO;1334356904;20260813
Emision;VINA DEL MAR;1329983317;20260804
Emision;VALPARAISO;1330000601;20260804
Emision;VALPARAISO;1333274028;20260811
Emision;VALPARAISO;1334513426;20260813
Emision;VINA DEL MAR;1334023593;20260812
Emision;SAN ANTONIO;1332016219;20260807
Emision;VINA DEL MAR;1329371343;20260803
Emision;VALPARAISO;1336013723;20260815
Emision;VALPARAISO;1334222695;20260812
Emision;VALPARAISO;1332843117;20260810
Emision;VALPARAISO;1332963261;20260810
Emision;VALPARAISO;1334402960;20260813
Emision;VALPARAISO;1332040370;20260807
Emision;VALPARAISO;1333313072;20260811
Emision;VALPARAISO;1329924120;20260804
Emision;VINA DEL MAR;1333310343;20260811
Emision;VALPARAISO;1330614903;20260806
Emision;VALPARAISO;1335561066;20260814
Emision;VALPARAISO;1329462173;20260803
Emision;VINA DEL MAR;1329538958;20260803
Emision;VALPARAISO;1329800526;20260804
Emision;VALPARAISO;1329854446;20260804
Emision;VINA DEL MAR;1330808249;20260806
Emision;VALPARAISO;1332729865;20260809
Emision;VINA DEL MAR;1333012375;20260810
Emision;VINA DEL MAR;1330608705;20260806
Emision;VALPARAISO;1330068662;20260804
Emision;VINA DEL MAR;1329557189;20260803
Emision;VALPARAISO;1330467619;20260805
Emision;VINA DEL MAR;1332628225;20260808
Emision;VINA DEL MAR;1335705429;20260814
Emision;VINA DEL MAR;1328853313;20260801
Emision;VALPARAISO;1332812615;20260810
Emision;VINA DEL MAR;1335990976;20260815
Emision;VALPARAISO;1330503283;20260805
Emision;VALPARAISO;1332860918;20260810
Emision;VALPARAISO;1333312495;20260811
Emision;VALPARAISO;1329088113;20260802
Emision;SAN ANTONIO;1336055956;20260815
Emision;VALPARAISO;1329371209;20260803
Emision;VALPARAISO;1329795395;20260804
Emision;VINA DEL MAR;1335629325;20260814
Emision;VALPARAISO;1332548548;20260808
Emision;VINA DEL MAR;1333304532;20260811
Emision;SAN ANTONIO;1330339679;20260805
Emision;VINA DEL MAR;1334011117;20260812
Emision;VALPARAISO;1328528198;20260801
Emision;VALPARAISO;1332144595;20260807
Emision;VINA DEL MAR;1332848927;20260810
Emision;VINA DEL MAR;1330284328;20260805
Emision;VALPARAISO;1328718321;20260801
Emision;SAN ANTONIO;1328567232;20260801
Emision;VINA DEL MAR;1333813495;20260812
Emision;VINA DEL MAR;1335469901;20260814
Emision;VALPARAISO;1328728223;20260801
Emision;VALPARAISO;1330354415;20260805
Emision;SAN ANTONIO;1330709256;20260806
Emision;VALPARAISO;1329371886;20260803
Emision;VALPARAISO;1332208870;20260807
Emision;VINA DEL MAR;1330060462;20260804
Emision;VALPARAISO;1333006620;20260810
Emision;VINA DEL MAR;1332819733;20260810
Emision;VINA DEL MAR;1336084650;20260815
Emision;VALPARAISO;1333708348;20260812
Emision;VINA DEL MAR;1329808769;20260804
Emision;VALPARAISO;1334168218;20260812
Emision;VALPARAISO;1333051453;20260810
Emision;VINA DEL MAR;1333373054;20260811
Emision;VALPARAISO;1330262271;20260805
Emision;VALPARAISO;1330503764;20260805
Emision;VINA DEL MAR;1333763020;20260812
Emision;VINA DEL MAR;1331755733;20260807
Emision;VINA DEL MAR;1332949831;20260810
Emision;VALPARAISO;1335633682;20260814
Emision;VALPARAISO;1334171388;20260812
Emision;VINA DEL MAR;1333052250;20260810
Emision;VALPARAISO;1333050447;20260810
Emision;VINA DEL MAR;1335635073;20260814
Emision;VALPARAISO;1334412349;20260813
Emision;SAN ANTONIO;1332573171;20260808
Emision;SAN ANTONIO;1329449778;20260803
Emision;VALPARAISO;1330508623;20260805
Emision;VALPARAISO;1333423886;20260811
Emision;VINA DEL MAR;1332472682;20260808
Emision;VINA DEL MAR;1335634884;20260814
Emision;VINA DEL MAR;1330744531;20260806
Emision;VALPARAISO;1329335712;20260803
Emision;VINA DEL MAR;1333229223;20260811
Emision;VINA DEL MAR;1329394099;20260803
Emision;VINA DEL MAR;1335524607;20260814
Emision;VALPARAISO;1335582488;20260814
Emision;VALPARAISO;1331977042;20260807
Emision;VINA DEL MAR;1329207668;20260803
Emision;VALPARAISO;1330067007;20260804
Emision;VINA DEL MAR;1329004932;20260802
Emision;VALPARAISO;1329400280;20260803
Emision;VALPARAISO;1330482717;20260805
Emision;VINA DEL MAR;1333727380;20260812
Emision;VALPARAISO;1333222387;20260811
Emision;VINA DEL MAR;1335970326;20260815
Emision;VALPARAISO;1335550417;20260814
Emision;VALPARAISO;1330725453;20260806
Emision;VINA DEL MAR;1335546331;20260814
Emision;VALPARAISO;1330055543;20260804
Emision;VINA DEL MAR;1329229266;20260803
Emision;VINA DEL MAR;1328857397;20260801
Emision;VALPARAISO;1333060445;20260811
Emision;VALPARAISO;1335959993;20260815
Emision;VINA DEL MAR;1330777402;20260806
Emision;VALPARAISO;1332982826;20260810
Emision;VALPARAISO;1332173861;20260807
Emision;VALPARAISO;1336104856;20260815
Emision;VINA DEL MAR;1332859677;20260810
Emision;VALPARAISO;1329579446;20260803
Emision;VINA DEL MAR;1329890624;20260804
Emision;VINA DEL MAR;1329913781;20260804
Emision;VINA DEL MAR;1333376438;20260811
Emision;VALPARAISO;1329260061;20260803
Emision;VINA DEL MAR;1328936652;20260801
Emision;VALPARAISO;1329511809;20260803
Emision;VINA DEL MAR;1329288275;20260803
Emision;VALPARAISO;1333378952;20260811
Emision;VINA DEL MAR;1334357938;20260813
Emision;VALPARAISO;1329882068;20260804
Emision;VINA DEL MAR;1332123018;20260807
Emision;VINA DEL MAR;1334452002;20260813
Emision;VALPARAISO;1335689963;20260814
Emision;VALPARAISO;1332071500;20260807
Emision;VALPARAISO;1332879882;20260810
Emision;VINA DEL MAR;1332075663;20260807
Emision;SAN ANTONIO;1330065915;20260804
Emision;VALPARAISO;1333394811;20260811
Emision;VINA DEL MAR;1331816155;20260807
Emision;VALPARAISO;1333238155;20260811
Emision;VINA DEL MAR;1333879840;20260812
Emision;VALPARAISO;1331787890;20260807
Emision;VALPARAISO;1330576347;20260806
Emision;VALPARAISO;1328559171;20260801
Emision;VINA DEL MAR;1330512920;20260805
Emision;VALPARAISO;1330684252;20260806
Emision;VALPARAISO;1332909441;20260810
Emision;VALPARAISO;1330757166;20260806
Emision;VALPARAISO;1332965646;20260810
Emision;VALPARAISO;1330610890;20260806
Emision;VINA DEL MAR;1331822566;20260807
Emision;VINA DEL MAR;1334390145;20260813
Emision;VALPARAISO;1334388441;20260813
Emision;VALPARAISO;1330220080;20260805
Emision;VALPARAISO;1332979899;20260810
Emision;VINA DEL MAR;1329560787;20260803
Emision;VINA DEL MAR;1336031064;20260815
Emision;VALPARAISO;1333772164;20260812
Emision;VALPARAISO;1333879007;20260812
Emision;VALPARAISO;1330365922;20260805
Emision;VALPARAISO;1332627651;20260808
Emision;VINA DEL MAR;1333236131;20260811
Emision;VINA DEL MAR;1329587450;20260803
Emision;VINA DEL MAR;1330410393;20260805
Emision;VALPARAISO;1329245179;20260803
Emision;SAN ANTONIO;1334302478;20260813
Emision;VALPARAISO;1330764098;20260806
Emision;VALPARAISO;1332603632;20260808
Emision;VALPARAISO;1330626696;20260806
Emision;VINA DEL MAR;1332528220;20260808
Emision;SAN ANTONIO;1330475289;20260805
Emision;VALPARAISO;1330210140;20260805
Emision;VALPARAISO;1329554378;20260803
Emision;VALPARAISO;1330532303;20260805
Emision;VALPARAISO;1333885716;20260812
Emision;VINA DEL MAR;1336067669;20260815
Emision;VALPARAISO;1329899144;20260804
Emision;VALPARAISO;1330501421;20260805
Emision;VALPARAISO;1330046967;20260804
Emision;VALPARAISO;1332981151;20260810
Emision;VINA DEL MAR;1334213468;20260812
Emision;VINA DEL MAR;1332915673;20260810
Emision;VALPARAISO;1333395238;20260811
Emision;VALPARAISO;1331875711;20260807
Emision;VINA DEL MAR;1335713896;20260814
Emision;VALPARAISO;1328656269;20260801
Emision;VALPARAISO;1332063912;20260807
Emision;VINA DEL MAR;1330190761;20260805
Emision;VINA DEL MAR;1330238376;20260805
Emision;VALPARAISO;1335756732;20260814
Emision;VALPARAISO;1330470372;20260805
Emision;VALPARAISO;1334513808;20260813
Emision;VALPARAISO;1330521214;20260805
Emision;VALPARAISO;1336088723;20260815
Emision;VALPARAISO;1332961252;20260810
Emision;VALPARAISO;1332128131;20260807
Emision;VALPARAISO;1330667402;20260806
Emision;VINA DEL MAR;1334323460;20260813
Emision;VINA DEL MAR;1329552743;20260803
Emision;VINA DEL MAR;1334411631;20260813
Emision;VINA DEL MAR;1329331272;20260803
Emision;VINA DEL MAR;1329567621;20260803
Emision;VALPARAISO;1332717945;20260809
Emision;VINA DEL MAR;1334301441;20260813
Emision;VALPARAISO;1333259564;20260811
Emision;VALPARAISO;1334409698;20260813
Emision;VINA DEL MAR;1332077055;20260807
Emision;VINA DEL MAR;1329340610;20260803
Emision;VINA DEL MAR;1329781172;20260804
Emision;VALPARAISO;1329532499;20260803
Emision;VALPARAISO;1333813843;20260812
Emision;VALPARAISO;1333399673;20260811
Emision;VINA DEL MAR;1333945065;20260812
Emision;VALPARAISO;1329225649;20260803
Emision;VINA DEL MAR;1329950808;20260804
Emision;VINA DEL MAR;1329276899;20260803
Emision;VALPARAISO;1330720447;20260806
Emision;VALPARAISO;1335549320;20260814
Emision;VALPARAISO;1330354992;20260805
Emision;VALPARAISO;1335555490;20260814
Emision;VALPARAISO;1332158397;20260807
Emision;SAN ANTONIO;1335732282;20260814
Emision;VALPARAISO;1329747747;20260804
Emision;VALPARAISO;1333308583;20260811
Emision;VALPARAISO;1330729689;20260806
Emision;VALPARAISO;1329251589;20260803
Emision;VALPARAISO;1332897063;20260810
Emision;VALPARAISO;1335696820;20260814
Emision;VALPARAISO;1330695135;20260806
Emision;VALPARAISO;1332106652;20260807
Emision;VINA DEL MAR;1329338482;20260803
Emision;VALPARAISO;1333833083;20260812
Emision;VALPARAISO;1330470720;20260805
Emision;VINA DEL MAR;1335992615;20260815
Emision;VALPARAISO;1329533484;20260803
Emision;VALPARAISO;1331894951;20260807
Emision;VINA DEL MAR;1329255668;20260803
Emision;VALPARAISO;1329569411;20260803
Emision;VALPARAISO;1330377926;20260805
Emision;VALPARAISO;1330044298;20260804
Emision;VINA DEL MAR;1333844775;20260812
Emision;VALPARAISO;1332574336;20260808
Emision;VALPARAISO;1332492550;20260808
Emision;VINA DEL MAR;1332080548;20260807
Emision;VINA DEL MAR;1330149137;20260805
Emision;VINA DEL MAR;1330495790;20260805
Emision;VINA DEL MAR;1331880941;20260807
Emision;VALPARAISO;1334451294;20260813
Emision;VALPARAISO;1333040563;20260810
Emision;VINA DEL MAR;1330514662;20260805
Emision;VALPARAISO;1335954315;20260815
Emision;VALPARAISO;1330785236;20260806
Emision;VALPARAISO;1332596608;20260808
Emision;VALPARAISO;1334374483;20260813
Emision;VALPARAISO;1334302441;20260813
Emision;VALPARAISO;1330354323;20260805
Emision;VINA DEL MAR;1328504532;20260801
Emision;VINA DEL MAR;1330347431;20260805
Emision;VALPARAISO;1329533175;20260803
Emision;VINA DEL MAR;1329474461;20260803
Emision;VALPARAISO;1329746909;20260804
Emision;VALPARAISO;1334428498;20260813
Emision;VINA DEL MAR;1332060590;20260807
Emision;VALPARAISO;1330781661;20260806
Emision;VALPARAISO;1334098429;20260812
Emision;VALPARAISO;1333321425;20260811
Emision;VALPARAISO;1332900869;20260810
Emision;SAN ANTONIO;1334412028;20260813
Emision;VALPARAISO;1334039620;20260812
Emision;VALPARAISO;1330472644;20260805
Emision;SAN ANTONIO;1334503239;20260813
Emision;VINA DEL MAR;1332074119;20260807
Emision;SAN ANTONIO;1332168619;20260807
Emision;VINA DEL MAR;1333048558;20260810
Emision;VINA DEL MAR;1329707777;20260804
Emision;VALPARAISO;1334213990;20260812
Emision;VALPARAISO;1329913442;20260804
Emision;VALPARAISO;1329394175;20260803
Emision;VINA DEL MAR;1328853541;20260801
Emision;VALPARAISO;1335580456;20260814
Emision;VINA DEL MAR;1335513922;20260814
Emision;VINA DEL MAR;1328496896;20260801
Emision;VALPARAISO;1332997094;20260810
Emision;VALPARAISO;1330626186;20260806
Emision;VALPARAISO;1333042376;20260810
Emision;VALPARAISO;1329082884;20260802
Emision;VALPARAISO;1333932662;20260812
Emision;VALPARAISO;1333255184;20260811
Emision;VALPARAISO;1332224934;20260808
Emision;VINA DEL MAR;1328960973;20260802
Emision;VALPARAISO;1329224551;20260803
Emision;VINA DEL MAR;1330785600;20260806
Emision;VINA DEL MAR;1330521920;20260805
Emision;VALPARAISO;1333350429;20260811
Emision;VALPARAISO;1329990037;20260804
Emision;VINA DEL MAR;1335683728;20260814
Emision;VINA DEL MAR;1335850161;20260814
Emision;VALPARAISO;1335382106;20260814
Emision;VINA DEL MAR;1329695346;20260804
Emision;VALPARAISO;1330635677;20260806
Emision;VALPARAISO;1330507569;20260805
Emision;VINA DEL MAR;1332598072;20260808
Emision;VALPARAISO;1331761877;20260807
Emision;SAN ANTONIO;1332990135;20260810
Emision;VINA DEL MAR;1328512550;20260801
Emision;VINA DEL MAR;1333402284;20260811
Emision;VALPARAISO;1333021607;20260810
Emision;VALPARAISO;1333001442;20260810
Emision;VALPARAISO;1330422814;20260805
Emision;VALPARAISO;1330643011;20260806
Emision;VALPARAISO;1335722084;20260814
Emision;VALPARAISO;1329558167;20260803
Emision;VALPARAISO;1333263247;20260811
Emision;VALPARAISO;1329497300;20260803
Emision;VINA DEL MAR;1332100665;20260807
Emision;VALPARAISO;1334469589;20260813
Emision;VALPARAISO;1332178614;20260807
Emision;VALPARAISO;1334424185;20260813
Emision;VALPARAISO;1330213336;20260805
Emision;VALPARAISO;1332811604;20260810
Emision;VINA DEL MAR;1334323388;20260813
Emision;VINA DEL MAR;1332828035;20260810
Emision;VALPARAISO;1331723183;20260807
Emision;VALPARAISO;1334315245;20260813
Emision;VALPARAISO;1334343264;20260813
Emision;VALPARAISO;1332784527;20260809
Emision;VINA DEL MAR;1329875447;20260804
Emision;VALPARAISO;1333838909;20260812
Emision;VALPARAISO;1329839590;20260804
Emision;VALPARAISO;1334084818;20260812
Emision;VALPARAISO;1330511056;20260805
Emision;VINA DEL MAR;1329190594;20260803
Emision;VALPARAISO;1333224545;20260811
Emision;VALPARAISO;1330738637;20260806
Emision;VINA DEL MAR;1333752167;20260812
Emision;VINA DEL MAR;1333821606;20260812
Emision;VINA DEL MAR;1330665837;20260806
Emision;VALPARAISO;1329061322;20260802
Emision;VINA DEL MAR;1335999827;20260815
Emision;SAN ANTONIO;1330460511;20260805
Emision;VINA DEL MAR;1330305174;20260805
Emision;VALPARAISO;1329309799;20260803
Emision;VALPARAISO;1329476082;20260803
Emision;VINA DEL MAR;1334093233;20260812
Emision;VALPARAISO;1334357513;20260813
Emision;VALPARAISO;1329055718;20260802
Emision;VINA DEL MAR;1328970793;20260802
Emision;VALPARAISO;1333832631;20260812
Emision;VALPARAISO;1329180491;20260803
Emision;VALPARAISO;1334473336;20260813
Emision;VALPARAISO;1333340039;20260811
Emision;VALPARAISO;1328501341;20260801
Emision;VINA DEL MAR;1333350817;20260811
Emision;VALPARAISO;1333824272;20260812
Emision;VALPARAISO;1329397416;20260803
Emision;VALPARAISO;1328603871;20260801
Emision;VALPARAISO;1330816490;20260806
Emision;VALPARAISO;1332659147;20260808
Emision;VINA DEL MAR;1333814226;20260812
Emision;VALPARAISO;1331762771;20260807
Emision;VALPARAISO;1328697391;20260801
Emision;VALPARAISO;1335740123;20260814
Emision;VINA DEL MAR;1328463081;20260801
Emision;VINA DEL MAR;1333432884;20260811
Emision;VALPARAISO;1333247932;20260811
Emision;VINA DEL MAR;1334005167;20260812
Emision;VINA DEL MAR;1335561801;20260814
Emision;VALPARAISO;1330067053;20260804
Emision;VALPARAISO;1333789910;20260812
Emision;VINA DEL MAR;1334015320;20260812
Emision;VINA DEL MAR;1330033172;20260804
Emision;VALPARAISO;1329988127;20260804
Emision;VINA DEL MAR;1333326260;20260811
Emision;VALPARAISO;1328909677;20260801
Emision;VALPARAISO;1330200112;20260805
Emision;VALPARAISO;1330326557;20260805
Emision;VINA DEL MAR;1332946504;20260810
Emision;VINA DEL MAR;1330619783;20260806
Emision;VALPARAISO;1332996786;20260810
Emision;VALPARAISO;1329062770;20260802
Emision;VALPARAISO;1328535074;20260801
Emision;VALPARAISO;1334383417;20260813
Emision;VALPARAISO;1333367342;20260811
Emision;VALPARAISO;1328612764;20260801
Emision;VALPARAISO;1332982202;20260810
Emision;VALPARAISO;1335852290;20260814
Emision;VINA DEL MAR;1330622668;20260806
Emision;VALPARAISO;1333381199;20260811
Emision;VALPARAISO;1332119076;20260807
Emision;VALPARAISO;1333201934;20260811
Emision;VALPARAISO;1334503382;20260813
Emision;VALPARAISO;1330433760;20260805
Emision;VALPARAISO;1331643557;20260807
Emision;VINA DEL MAR;1329773449;20260804
Emision;VALPARAISO;1329448735;20260803
Emision;SAN ANTONIO;1334348443;20260813
Emision;VALPARAISO;1328551820;20260801
Emision;VALPARAISO;1330748229;20260806
Emision;VALPARAISO;1330430918;20260805
Emision;VALPARAISO;1332469260;20260808
Emision;VALPARAISO;1333285225;20260811
Emision;VALPARAISO;1330717469;20260806
Emision;VINA DEL MAR;1333919029;20260812
Emision;VINA DEL MAR;1332740971;20260809
Emision;VALPARAISO;1328521968;20260801
Emision;VALPARAISO;1334372043;20260813
Emision;VALPARAISO;1335992359;20260815
Emision;VALPARAISO;1330798595;20260806
Emision;VINA DEL MAR;1331865807;20260807
Emision;VINA DEL MAR;1336006362;20260815
Emision;SAN ANTONIO;1328506147;20260801
Emision;VALPARAISO;1330318674;20260805
Emision;VALPARAISO;1332948405;20260810
Emision;VINA DEL MAR;1333044398;20260810
Emision;VALPARAISO;1329737528;20260804
Emision;VALPARAISO;1332485255;20260808
Emision;VALPARAISO;1330525557;20260805
Emision;VINA DEL MAR;1335663446;20260814
Emision;SAN ANTONIO;1333010450;20260810
Emision;VALPARAISO;1329733992;20260804
Emision;VALPARAISO;1329859736;20260804
Emision;VINA DEL MAR;1329508929;20260803
Emision;VALPARAISO;1330206362;20260805
Emision;VALPARAISO;1332947623;20260810
Emision;VALPARAISO;1330585894;20260806
Emision;VINA DEL MAR;1333931039;20260812
Emision;VINA DEL MAR;1329258012;20260803
Emision;VINA DEL MAR;1333809525;20260812
Emision;VALPARAISO;1332495176;20260808
Emision;VINA DEL MAR;1333361305;20260811
Emision;VINA DEL MAR;1330525157;20260805
Emision;VINA DEL MAR;1332946779;20260810
Emision;VINA DEL MAR;1329482011;20260803
Emision;VINA DEL MAR;1330603391;20260806
Emision;VALPARAISO;1330384087;20260805
Emision;VALPARAISO;1332035936;20260807
Emision;VALPARAISO;1333270528;20260811
Emision;VALPARAISO;1334489280;20260813
Emision;VALPARAISO;1333919441;20260812
Emision;VALPARAISO;1329903494;20260804
Emision;VALPARAISO;1335563398;20260814
Emision;VALPARAISO;1334477865;20260813
Emision;VINA DEL MAR;1335964568;20260815
Emision;VALPARAISO;1335671258;20260814
Emision;VALPARAISO;1329771213;20260804
Emision;VALPARAISO;1336120496;20260815
Emision;VINA DEL MAR;1330065496;20260804
Emision;VINA DEL MAR;1333288361;20260811
Emision;SAN ANTONIO;1330251074;20260805
Emision;VINA DEL MAR;1332937382;20260810
Emision;SAN ANTONIO;1330690139;20260806
Emision;VALPARAISO;1330184812;20260805
Emision;VALPARAISO;1334390375;20260813
Emision;VALPARAISO;1331763646;20260807
Emision;VINA DEL MAR;1333390656;20260811
Emision;VALPARAISO;1332764337;20260809
Emision;VALPARAISO;1330626397;20260806
Emision;VINA DEL MAR;1328667306;20260801
Emision;VALPARAISO;1334215352;20260812
Emision;VALPARAISO;1330682370;20260806
Emision;VALPARAISO;1329449865;20260803
Emision;VINA DEL MAR;1329368450;20260803
Emision;VINA DEL MAR;1329736827;20260804
Emision;VALPARAISO;1334432744;20260813
Emision;VALPARAISO;1330890845;20260807
Emision;VALPARAISO;1333266897;20260811
Emision;VINA DEL MAR;1333223949;20260811
Emision;VINA DEL MAR;1330242264;20260805
Emision;VINA DEL MAR;1331903193;20260807
Emision;VALPARAISO;1330502324;20260805
Emision;VINA DEL MAR;1330732850;20260806
Emision;VALPARAISO;1329733637;20260804
Emision;VINA DEL MAR;1331833736;20260807
Emision;VINA DEL MAR;1333231995;20260811
Emision;VINA DEL MAR;1330736669;20260806
Emision;VALPARAISO;1333260903;20260811
Emision;VINA DEL MAR;1333415373;20260811
Emision;VINA DEL MAR;1329890543;20260804
Emision;VALPARAISO;1331927905;20260807
Emision;VALPARAISO;1330030319;20260804
Emision;VINA DEL MAR;1330445232;20260805
Emision;VINA DEL MAR;1333352582;20260811
Emision;VALPARAISO;1333036803;20260810
Emision;VALPARAISO;1328581081;20260801
Emision;VALPARAISO;1329500059;20260803
Emision;VALPARAISO;1334156290;20260812
Emision;VALPARAISO;1333905553;20260812
Emision;VINA DEL MAR;1329531772;20260803
Emision;VINA DEL MAR;1331840942;20260807
Emision;VALPARAISO;1329405813;20260803
Emision;VALPARAISO;1329435897;20260803
Emision;VALPARAISO;1333042285;20260810
Emision;VINA DEL MAR;1330791562;20260806
Emision;VINA DEL MAR;1330635356;20260806
Emision;VINA DEL MAR;1335787937;20260814
Emision;VALPARAISO;1333169110;20260811
Emision;SAN ANTONIO;1332069001;20260807
Emision;VALPARAISO;1335590786;20260814
Emision;VALPARAISO;1334207345;20260812
Emision;VINA DEL MAR;1329879610;20260804
Emision;VALPARAISO;1332912084;20260810
Emision;VINA DEL MAR;1333286566;20260811
Emision;SAN ANTONIO;1332989268;20260810
Emision;VINA DEL MAR;1328572902;20260801
Emision;VALPARAISO;1333038486;20260810
Emision;VINA DEL MAR;1332741374;20260809
Emision;SAN ANTONIO;1333302354;20260811
Emision;VALPARAISO;1333038124;20260810
Emision;VALPARAISO;1335421929;20260814
Emision;VALPARAISO;1333866351;20260812
Emision;VINA DEL MAR;1330487538;20260805
Emision;VALPARAISO;1332948297;20260810
Emision;VINA DEL MAR;1329777064;20260804
Emision;VALPARAISO;1334458729;20260813
Emision;VALPARAISO;1333931628;20260812
Emision;VALPARAISO;1333315726;20260811
Emision;VALPARAISO;1329783921;20260804
Emision;VALPARAISO;1330015504;20260804
Emision;VALPARAISO;1330071185;20260804
Emision;VALPARAISO;1329476628;20260803
Emision;VALPARAISO;1330717136;20260806
Emision;VALPARAISO;1330635261;20260806
Emision;VINA DEL MAR;1331950632;20260807
Emision;VALPARAISO;1329525945;20260803
Emision;VINA DEL MAR;1329875721;20260804
Emision;VALPARAISO;1329816924;20260804
Emision;VALPARAISO;1329511913;20260803
Emision;VALPARAISO;1334523736;20260813
Emision;VALPARAISO;1333936369;20260812
Emision;VINA DEL MAR;1330709923;20260806
Emision;VALPARAISO;1332132812;20260807
Emision;VALPARAISO;1329048540;20260802
Emision;VALPARAISO;1332855143;20260810
Emision;VALPARAISO;1329252445;20260803
Emision;VINA DEL MAR;1331865417;20260807
Emision;VALPARAISO;1335966211;20260815
Emision;VALPARAISO;1333340057;20260811
Emision;VINA DEL MAR;1330198133;20260805
Emision;SAN ANTONIO;1333392667;20260811
Emision;VINA DEL MAR;1333781284;20260812
Emision;VALPARAISO;1334495879;20260813
Emision;VINA DEL MAR;1331963854;20260807
Emision;VALPARAISO;1333400471;20260811
Emision;SAN ANTONIO;1333833693;20260812
Emision;VINA DEL MAR;1330030151;20260804
Emision;VALPARAISO;1333402437;20260811
Emision;VINA DEL MAR;1335637473;20260814
Emision;VALPARAISO;1330643961;20260806
Emision;VALPARAISO;1328476136;20260801
Emision;VALPARAISO;1332128624;20260807
Emision;VALPARAISO;1329525587;20260803
Emision;VALPARAISO;1333374729;20260811
Emision;VALPARAISO;1335797123;20260814
Emision;SAN ANTONIO;1334173666;20260812
Emision;VALPARAISO;1333027086;20260810
Emision;VALPARAISO;1335473669;20260814
Emision;VALPARAISO;1333376773;20260811
Emision;VALPARAISO;1333017781;20260810
Emision;VINA DEL MAR;1330063853;20260804
Emision;VALPARAISO;1335801538;20260814
Emision;VINA DEL MAR;1329534753;20260803
Emision;VINA DEL MAR;1329918972;20260804
Emision;VALPARAISO;1331938205;20260807
Emision;VINA DEL MAR;1334505263;20260813
Emision;VALPARAISO;1329482390;20260803
Emision;VALPARAISO;1333891338;20260812
Emision;VALPARAISO;1329279989;20260803
Emision;VALPARAISO;1332068841;20260807
Emision;VALPARAISO;1334515651;20260813
Emision;VALPARAISO;1335624068;20260814
Emision;VALPARAISO;1334463400;20260813
Emision;VINA DEL MAR;1330241149;20260805
Emision;VALPARAISO;1330774754;20260806
Emision;VINA DEL MAR;1329557003;20260803
Emision;VALPARAISO;1334353800;20260813
Emision;VALPARAISO;1331885629;20260807
Emision;VALPARAISO;1330281516;20260805
Emision;VINA DEL MAR;1333900569;20260812
Emision;VALPARAISO;1330798950;20260806
Emision;VALPARAISO;1329717848;20260804
Emision;VINA DEL MAR;1329947777;20260804
Emision;VINA DEL MAR;1334448337;20260813
Emision;SAN ANTONIO;1329821855;20260804
Emision;VALPARAISO;1334019341;20260812
Emision;VINA DEL MAR;1334444861;20260813
Emision;VINA DEL MAR;1334076425;20260812
Emision;VALPARAISO;1333276876;20260811
Emision;VINA DEL MAR;1332621572;20260808
Emision;VALPARAISO;1328453673;20260801
Emision;VALPARAISO;1332903100;20260810
Emision;VINA DEL MAR;1333059049;20260810
Emision;VALPARAISO;1332438766;20260808
Emision;VALPARAISO;1328851149;20260801
Emision;VINA DEL MAR;1333936934;20260812
Emision;VINA DEL MAR;1332764832;20260809
Emision;VINA DEL MAR;1329574813;20260803
Emision;VINA DEL MAR;1335456728;20260814
Emision;VINA DEL MAR;1329998113;20260804
Emision;VALPARAISO;1333387308;20260811
Emision;VALPARAISO;1330271096;20260805
Emision;VINA DEL MAR;1331786215;20260807
Emision;VINA DEL MAR;1329890528;20260804
Emision;VALPARAISO;1333464444;20260811
Emision;SAN ANTONIO;1330348436;20260805
Emision;VALPARAISO;1329428433;20260803
Emision;SAN ANTONIO;1332458708;20260808
Emision;VALPARAISO;1330073669;20260804
Emision;VALPARAISO;1330594137;20260806
Emision;VALPARAISO;1335845671;20260814
Emision;VALPARAISO;1332039832;20260807
Emision;VALPARAISO;1330781900;20260806
Emision;VALPARAISO;1328533847;20260801
Emision;VALPARAISO;1333295256;20260811
Emision;VALPARAISO;1333044216;20260810
Emision;VINA DEL MAR;1332745847;20260809
Emision;VINA DEL MAR;1329537396;20260803
Emision;SAN ANTONIO;1333027845;20260810
Emision;VALPARAISO;1330584678;20260806
Emision;VALPARAISO;1334225601;20260812
Emision;VINA DEL MAR;1334388493;20260813
Emision;VALPARAISO;1333051503;20260810
Emision;VALPARAISO;1333252102;20260811
Emision;VALPARAISO;1330829441;20260806
Emision;VALPARAISO;1329385339;20260803
Emision;VALPARAISO;1329923941;20260804
Emision;VALPARAISO;1330489607;20260805
Emision;VALPARAISO;1332099334;20260807
Emision;VALPARAISO;1329309389;20260803
Emision;VALPARAISO;1334211615;20260812
Emision;VALPARAISO;1332568091;20260808
Emision;VINA DEL MAR;1329757725;20260804
Emision;VALPARAISO;1329605029;20260803
Emision;VALPARAISO;1332520077;20260808
Emision;VALPARAISO;1330097354;20260804
Emision;VALPARAISO;1330796768;20260806
Emision;VALPARAISO;1329558180;20260803
Emision;VINA DEL MAR;1330591960;20260806
Emision;VALPARAISO;1331994620;20260807
Emision;VALPARAISO;1330456513;20260805
Emision;VALPARAISO;1332606871;20260808
Emision;VALPARAISO;1328958004;20260802
Emision;VINA DEL MAR;1330324181;20260805
Emision;VALPARAISO;1333829026;20260812
Emision;VINA DEL MAR;1329380999;20260803
Emision;VALPARAISO;1330637702;20260806
Emision;VALPARAISO;1333890243;20260812
Emision;VINA DEL MAR;1330071617;20260804
Emision;VALPARAISO;1335473785;20260814
Emision;VALPARAISO;1335848087;20260814
Emision;VINA DEL MAR;1336059718;20260815
Emision;VALPARAISO;1336053698;20260815
Emision;SAN ANTONIO;1334384541;20260813
Emision;VINA DEL MAR;1336020665;20260815
Emision;VINA DEL MAR;1332109391;20260807
Emision;VALPARAISO;1329932872;20260804
Emision;VALPARAISO;1330539199;20260805
Emision;VALPARAISO;1329757561;20260804
Emision;VINA DEL MAR;1330700759;20260806
Emision;VALPARAISO;1335590701;20260814
Emision;VALPARAISO;1331992450;20260807
Emision;VALPARAISO;1329219031;20260803
Emision;VINA DEL MAR;1330392947;20260805
Emision;VALPARAISO;1328965274;20260802
Emision;VINA DEL MAR;1333040743;20260810
Emision;VALPARAISO;1333287482;20260811
Emision;VALPARAISO;1329269052;20260803
Emision;VALPARAISO;1329855383;20260804
Emision;VINA DEL MAR;1330091675;20260804
Emision;VALPARAISO;1334477707;20260813
Emision;SAN ANTONIO;1330720779;20260806
Emision;VINA DEL MAR;1331908539;20260807
Emision;VINA DEL MAR;1333355732;20260811
Emision;VALPARAISO;1329723120;20260804
Emision;VALPARAISO;1329502879;20260803
Emision;VALPARAISO;1336047931;20260815
Emision;VALPARAISO;1332483828;20260808
Emision;VINA DEL MAR;1333335935;20260811
Emision;VALPARAISO;1335741047;20260814
Emision;VALPARAISO;1330677226;20260806
Emision;VALPARAISO;1335768012;20260814
Emision;VINA DEL MAR;1333296670;20260811
Emision;VINA DEL MAR;1332930374;20260810
Emision;VALPARAISO;1328673360;20260801
Emision;VALPARAISO;1329546878;20260803
Emision;VINA DEL MAR;1335487709;20260814
Emision;VALPARAISO;1332871874;20260810
Emision;SAN ANTONIO;1333282021;20260811
Emision;VALPARAISO;1328939373;20260801
Emision;VINA DEL MAR;1330074314;20260804
Emision;VALPARAISO;1334372061;20260813
Emision;VALPARAISO;1329530585;20260803
Emision;VALPARAISO;1332742533;20260809
Emision;VALPARAISO;1330640416;20260806
Emision;VALPARAISO;1330786012;20260806
Emision;SAN ANTONIO;1329019225;20260802
Emision;VALPARAISO;1332976636;20260810
Emision;VALPARAISO;1332934163;20260810
Emision;VALPARAISO;1329375091;20260803
Emision;VINA DEL MAR;1329353979;20260803
Emision;VALPARAISO;1330373165;20260805
Emision;VALPARAISO;1333399504;20260811
Emision;VALPARAISO;1335531081;20260814
Emision;VALPARAISO;1333318462;20260811
Emision;VALPARAISO;1333255040;20260811
Emision;VALPARAISO;1332103814;20260807
Emision;VINA DEL MAR;1329825704;20260804
Emision;VALPARAISO;1331970533;20260807
Emision;VINA DEL MAR;1334393213;20260813
Emision;VINA DEL MAR;1332567352;20260808
Emision;VALPARAISO;1334513968;20260813
Emision;VALPARAISO;1329238534;20260803
Emision;VINA DEL MAR;1333378453;20260811
Emision;VINA DEL MAR;1329871393;20260804
Emision;VINA DEL MAR;1332890774;20260810
Emision;VALPARAISO;1330602134;20260806
Emision;VINA DEL MAR;1328415427;20260801
Emision;VALPARAISO;1333860520;20260812
Emision;VALPARAISO;1329277609;20260803
Emision;VALPARAISO;1334382772;20260813
Emision;VALPARAISO;1334431382;20260813
Emision;VALPARAISO;1330014586;20260804
Emision;VINA DEL MAR;1335585244;20260814
Emision;VINA DEL MAR;1334418847;20260813
Emision;SAN ANTONIO;1332926840;20260810
Emision;VALPARAISO;1329304621;20260803
Emision;VALPARAISO;1330023106;20260804
Emision;VINA DEL MAR;1333791874;20260812
Emision;SAN ANTONIO;1328569323;20260801
Emision;VINA DEL MAR;1333413990;20260811
Emision;VALPARAISO;1334079168;20260812
Emision;VALPARAISO;1329561528;20260803
Emision;VALPARAISO;1333975675;20260812
Emision;VALPARAISO;1332886631;20260810
Emision;VALPARAISO;1333890161;20260812
Emision;VINA DEL MAR;1331661272;20260807
Emision;VALPARAISO;1329388251;20260803
Emision;VINA DEL MAR;1331813277;20260807
Emision;VALPARAISO;1334443332;20260813
Emision;VALPARAISO;1335661784;20260814
Emision;VALPARAISO;1329940077;20260804
Emision;VALPARAISO;1332020434;20260807
Emision;VINA DEL MAR;1335484823;20260814
Emision;VALPARAISO;1329925371;20260804
Emision;VALPARAISO;1332723422;20260809
Emision;VALPARAISO;1329695992;20260804
Emision;VALPARAISO;1331745981;20260807
Emision;VINA DEL MAR;1334421048;20260813
Emision;VINA DEL MAR;1330006363;20260804
Emision;VALPARAISO;1330575970;20260806
Emision;VALPARAISO;1329795488;20260804
Emision;VALPARAISO;1329550927;20260803
Emision;VALPARAISO;1330027547;20260804
Emision;VALPARAISO;1332902291;20260810
Emision;VINA DEL MAR;1329560174;20260803
Emision;VALPARAISO;1329280034;20260803
Emision;VALPARAISO;1330380625;20260805
Cancelada;VALPARAISO;1327140701;20260730
Cancelada;VINA DEL MAR;1331755733;20260807
Cancelada;VALPARAISO;1334171388;20260812
Cancelada;VALPARAISO;1332965646;20260810
Cancelada;VINA DEL MAR;1327362580;20260730
Cancelada;VALPARAISO;1311008546;20260702
Cancelada;VALPARAISO;1326756008;20260729
Cancelada;VINA DEL MAR;1327920346;20260731
Cancelada;VALPARAISO;1325826380;20260728
Cancelada;VALPARAISO;1331763646;20260807
Cancelada;VINA DEL MAR;1325132080;20260727
Cancelada;VALPARAISO;1327196849;20260730
Cancelada;VINA DEL MAR;1318004195;20260714
Cancelada;VALPARAISO;1329476628;20260803
Cancelada;VALPARAISO;1326480093;20260729
Cancelada;VALPARAISO;1323228088;20260723
Cancelada;SAN ANTONIO;1325873016;20260728
Cancelada;VALPARAISO;1325657224;20260728
Emision;VALPARAISO;1328593681;20260801
Emision;VALPARAISO;1329679816;20260804
Emision;VALPARAISO;1330699647;20260806
Emision;VALPARAISO;1333007980;20260810
Emision;SAN ANTONIO;1331944561;20260807
Emision;VALPARAISO;1329976028;20260804
Emision;VALPARAISO;1330210459;20260805
Emision;VINA DEL MAR;1336002075;20260815
Emision;VINA DEL MAR;1332923516;20260810
Emision;VINA DEL MAR;1333010862;20260810
Emision;SAN ANTONIO;1335597752;20260814
Emision;VALPARAISO;1333192948;20260811
Emision;SAN ANTONIO;1335724729;20260814
Emision;VINA DEL MAR;1328960469;20260802
Emision;VINA DEL MAR;1336059464;20260815
Emision;VINA DEL MAR;1335586703;20260814
Emision;VALPARAISO;1330678134;20260806
Emision;SAN ANTONIO;1333046246;20260810
Emision;VALPARAISO;1335400746;20260814
Emision;VALPARAISO;1333345772;20260811
Emision;VALPARAISO;1330672512;20260806
Emision;VALPARAISO;1329515639;20260803
Emision;VINA DEL MAR;1332456293;20260808
Emision;VALPARAISO;1329778024;20260804
Emision;VALPARAISO;1328221887;20260801
Emision;VINA DEL MAR;1331997172;20260807
Emision;VALPARAISO;1333925269;20260812
Emision;SAN ANTONIO;1335972817;20260815
Emision;VINA DEL MAR;1332809802;20260810
Emision;VINA DEL MAR;1334501219;20260813
Emision;VALPARAISO;1335691506;20260814
Emision;VALPARAISO;1332643141;20260808
Emision;VALPARAISO;1329279850;20260803
Emision;VALPARAISO;1330709578;20260806
Emision;VALPARAISO;1330423196;20260805
Emision;VALPARAISO;1329344505;20260803
Emision;SAN ANTONIO;1334037927;20260812
Emision;VINA DEL MAR;1332849524;20260810
Emision;VALPARAISO;1331985564;20260807
Emision;VINA DEL MAR;1332714500;20260809
Emision;VINA DEL MAR;1333007099;20260810
Emision;VALPARAISO;1332938862;20260810
Emision;VALPARAISO;1328603704;20260801
Cancelada;VALPARAISO;1325110523;20260727
Cancelada;VALPARAISO;1330640416;20260806
Cancelada;VALPARAISO;1326349792;20260729
Cancelada;VALPARAISO;1329375091;20260803
Cancelada;VINA DEL MAR;1327044449;20260730
Cancelada;VALPARAISO;1322493699;20260721
Cancelada;VALPARAISO;1330027547;20260804
Cancelada;VALPARAISO;1333832631;20260812
Cancelada;VALPARAISO;1328603871;20260801
Cancelada;VALPARAISO;1334372043;20260813
Cancelada;VALPARAISO;1322077228;20260720
Cancelada;VALPARAISO;1329462173;20260803
Emision;VALPARAISO;1329669468;20260804
Emision;VALPARAISO;1333285453;20260811
Emision;VALPARAISO;1328742406;20260801
Emision;VALPARAISO;1333863968;20260812
Emision;VALPARAISO;1335628721;20260814
Emision;VALPARAISO;1334447650;20260813
Emision;VINA DEL MAR;1333763697;20260812
Emision;VALPARAISO;1333796298;20260812
Emision;SAN ANTONIO;1335687568;20260814
Emision;VINA DEL MAR;1334333903;20260813
Emision;VALPARAISO;1330527564;20260805
Emision;VALPARAISO;1330312284;20260805
Emision;VINA DEL MAR;1330745508;20260806
Emision;SAN ANTONIO;1329312682;20260803
Emision;VALPARAISO;1331696333;20260807
Emision;VINA DEL MAR;1335988061;20260815
Emision;VALPARAISO;1336035446;20260815
Emision;VALPARAISO;1334313897;20260813
Emision;VINA DEL MAR;1333480392;20260811
Emision;VALPARAISO;1329749199;20260804
Emision;SAN ANTONIO;1329851780;20260804
Emision;VALPARAISO;1330321126;20260805
Emision;VINA DEL MAR;1330621019;20260806
Emision;VALPARAISO;1332544215;20260808
Emision;VALPARAISO;1333375923;20260811
Emision;VINA DEL MAR;1330431418;20260805
Emision;VALPARAISO;1335468053;20260814
Emision;VALPARAISO;1333944763;20260812
Emision;VINA DEL MAR;1335577835;20260814
Emision;VALPARAISO;1335848298;20260814
Emision;VALPARAISO;1333027190;20260810
Emision;VALPARAISO;1329560692;20260803
Emision;VALPARAISO;1336079782;20260815
Emision;VINA DEL MAR;1333490012;20260812
Emision;VALPARAISO;1330506431;20260805
Emision;VINA DEL MAR;1335583786;20260814
Emision;VALPARAISO;1335422357;20260814
Emision;VINA DEL MAR;1329012773;20260802
Emision;VALPARAISO;1329831370;20260804
Emision;VALPARAISO;1333769338;20260812
Emision;VINA DEL MAR;1329870423;20260804
Emision;VALPARAISO;1335951980;20260815
Emision;SAN ANTONIO;1330794131;20260806
Emision;VINA DEL MAR;1333828811;20260812
Emision;VALPARAISO;1335628139;20260814
Cancelada;VINA DEL MAR;1330608705;20260806
Cancelada;VALPARAISO;1330067007;20260804
Cancelada;VALPARAISO;1314973404;20260709
Cancelada;VALPARAISO;1329554378;20260803
Cancelada;VINA DEL MAR;1329338482;20260803
Cancelada;VINA DEL MAR;1329255668;20260803
Cancelada;VALPARAISO;1330064606;20260804
Cancelada;VALPARAISO;1323009178;20260722
Cancelada;VALPARAISO;1325329609;20260727
Cancelada;VALPARAISO;1331788423;20260807
Cancelada;VALPARAISO;1334360137;20260813
Cancelada;SAN ANTONIO;1332149776;20260807
Emision;VALPARAISO;1334387296;20260813
Emision;VALPARAISO;1330181428;20260805
Emision;VALPARAISO;1330711084;20260806
Emision;VALPARAISO;1335630848;20260814
Emision;VALPARAISO;1330804240;20260806
Emision;VINA DEL MAR;1329701819;20260804
Emision;VINA DEL MAR;1330472837;20260805
Emision;VALPARAISO;1330224747;20260805
Emision;SAN ANTONIO;1335756713;20260814
Emision;VALPARAISO;1330794458;20260806
Emision;VALPARAISO;1329757586;20260804
Emision;VINA DEL MAR;1333396088;20260811
Emision;VALPARAISO;1332885959;20260810
Emision;VALPARAISO;1330378329;20260805
Emision;VINA DEL MAR;1330797545;20260806
Emision;VINA DEL MAR;1333826971;20260812
Emision;VALPARAISO;1333791112;20260812
Emision;VALPARAISO;1330068626;20260804
Emision;VINA DEL MAR;1330738082;20260806
Emision;VALPARAISO;1329997950;20260804
Emision;VALPARAISO;1329476137;20260803
Emision;VINA DEL MAR;1329727842;20260804
Emision;VINA DEL MAR;1330609600;20260806
Emision;VINA DEL MAR;1332726748;20260809
Emision;VALPARAISO;1333263294;20260811
Emision;VINA DEL MAR;1330041097;20260804
Emision;VINA DEL MAR;1331905532;20260807
Emision;VALPARAISO;1329747807;20260804
Emision;VALPARAISO;1333402232;20260811
Emision;VINA DEL MAR;1335731041;20260814
Emision;VALPARAISO;1335965642;20260815
Emision;VALPARAISO;1329344194;20260803
Emision;VALPARAISO;1331789060;20260807
Emision;VALPARAISO;1332476358;20260808
Emision;VALPARAISO;1330700824;20260806
Emision;VALPARAISO;1334486533;20260813
Emision;VALPARAISO;1330593079;20260806
Emision;VINA DEL MAR;1336117000;20260815
Emision;VALPARAISO;1333352772;20260811
Emision;VALPARAISO;1329048047;20260802
Cancelada;VALPARAISO;1330796063;20260806
Cancelada;VALPARAISO;1334126280;20260812
Cancelada;SAN ANTONIO;1331944561;20260807
Cancelada;VINA DEL MAR;1336002075;20260815
Cancelada;VINA DEL MAR;1332923516;20260810
Cancelada;VALPARAISO;1333192948;20260811
Cancelada;VALPARAISO;1334387296;20260813
Cancelada;VALPARAISO;1335630848;20260814
Cancelada;VALPARAISO;1330804240;20260806
Cancelada;VALPARAISO;1330224747;20260805
Cancelada;VALPARAISO;1333912545;20260812
Cancelada;VINA DEL MAR;1329259035;20260803
Cancelada;VINA DEL MAR;1330787423;20260806
Cancelada;VALPARAISO;1323091655;20260723
Cancelada;VALPARAISO;1332897483;20260810
Cancelada;VALPARAISO;1327667708;20260731
Emision;VALPARAISO;1330516706;20260805
Emision;VALPARAISO;1334308565;20260813
Emision;VALPARAISO;1332126802;20260807
Emision;VINA DEL MAR;1336032129;20260815
Emision;VINA DEL MAR;1329723208;20260804
Emision;VINA DEL MAR;1334461103;20260813
Emision;VALPARAISO;1333912545;20260812
Emision;VINA DEL MAR;1330072078;20260804
Emision;VINA DEL MAR;1332866057;20260810
Emision;VALPARAISO;1329199973;20260803
Emision;VALPARAISO;1330702148;20260806
Emision;VINA DEL MAR;1331992572;20260807
Emision;VALPARAISO;1329587255;20260803
Emision;VINA DEL MAR;1332878071;20260810
Emision;VALPARAISO;1333753615;20260812
Emision;VINA DEL MAR;1330790090;20260806
Emision;VALPARAISO;1330385007;20260805
Emision;VINA DEL MAR;1330214403;20260805
Emision;SAN ANTONIO;1330305758;20260805
Emision;VALPARAISO;1329347220;20260803
Emision;VALPARAISO;1332609821;20260808
Emision;VALPARAISO;1329548906;20260803
Emision;VALPARAISO;1329364141;20260803
Emision;VINA DEL MAR;1330512804;20260805
Emision;VINA DEL MAR;1330471704;20260805
Emision;VALPARAISO;1335721290;20260814
Emision;VALPARAISO;1329527206;20260803
Emision;VALPARAISO;1332843459;20260810
Emision;VALPARAISO;1332971470;20260810
Emision;VINA DEL MAR;1332893600;20260810
Emision;SAN ANTONIO;1330706593;20260806
Emision;VINA DEL MAR;1330720419;20260806
Emision;VALPARAISO;1329209112;20260803
Emision;VALPARAISO;1333243317;20260811
Emision;VINA DEL MAR;1333409906;20260811
Emision;VINA DEL MAR;1334405338;20260813
Emision;VALPARAISO;1333801739;20260812
Cancelada;SAN ANTONIO;1332204435;20260807
Cancelada;VINA DEL MAR;1334409777;20260813
Cancelada;VINA DEL MAR;1332886788;20260810
Cancelada;VALPARAISO;1332549272;20260808
Cancelada;VINA DEL MAR;1330475941;20260805
Cancelada;VINA DEL MAR;1332803551;20260810
Cancelada;VALPARAISO;1330094558;20260804
Cancelada;VALPARAISO;1333985473;20260812
Cancelada;VALPARAISO;1332200917;20260807
Cancelada;VALPARAISO;1333925269;20260812
Cancelada;VALPARAISO;1330709578;20260806
Cancelada;SAN ANTONIO;1329851780;20260804
Emision;VALPARAISO;1332482070;20260808
Emision;VALPARAISO;1330637592;20260806
Emision;VALPARAISO;1329553894;20260803
Emision;SAN ANTONIO;1332870783;20260810
Emision;VALPARAISO;1330265740;20260805
Emision;VALPARAISO;1329395011;20260803
Emision;VINA DEL MAR;1329259035;20260803
Emision;VALPARAISO;1329154367;20260803
Emision;VINA DEL MAR;1330532204;20260805
Emision;VALPARAISO;1330068193;20260804
Emision;SAN ANTONIO;1334207290;20260812
Emision;VALPARAISO;1333238991;20260811
Emision;VALPARAISO;1331811829;20260807
Emision;VALPARAISO;1328955684;20260802
Emision;VALPARAISO;1330625430;20260806
Emision;VINA DEL MAR;1335809500;20260814
Emision;VINA DEL MAR;1330787423;20260806
Emision;VALPARAISO;1330029162;20260804
Emision;VINA DEL MAR;1333768076;20260812
Emision;VALPARAISO;1332054356;20260807
Emision;SAN ANTONIO;1332500121;20260808
Emision;VALPARAISO;1330423267;20260805
Emision;VALPARAISO;1332896944;20260810
Emision;VALPARAISO;1333036694;20260810
Emision;VALPARAISO;1333292980;20260811
Emision;VINA DEL MAR;1332898012;20260810
Emision;VALPARAISO;1335716037;20260814
Emision;VALPARAISO;1329767489;20260804
Emision;VINA DEL MAR;1332003253;20260807
Emision;VINA DEL MAR;1332912896;20260810
Emision;VALPARAISO;1335682238;20260814
Emision;VALPARAISO;1330267839;20260805
Emision;VALPARAISO;1330242849;20260805
Emision;VINA DEL MAR;1330659993;20260806
Emision;VINA DEL MAR;1332207913;20260807
Emision;VINA DEL MAR;1333417521;20260811
Emision;VALPARAISO;1333034483;20260810
Emision;SAN ANTONIO;1333336498;20260811
Emision;VALPARAISO;1330209330;20260805
Emision;VALPARAISO;1330273085;20260805
Emision;VALPARAISO;1332222142;20260807
Emision;VALPARAISO;1336093315;20260815
Emision;VINA DEL MAR;1330572707;20260806
Emision;VINA DEL MAR;1330620777;20260806
Emision;VALPARAISO;1333013070;20260810
Emision;VALPARAISO;1332711561;20260809
Emision;VALPARAISO;1330068312;20260804
Emision;VALPARAISO;1335837100;20260814
Emision;VALPARAISO;1333229012;20260811
Emision;VINA DEL MAR;1334323959;20260813
Emision;VALPARAISO;1336069749;20260815
Emision;VALPARAISO;1333298503;20260811
Emision;VALPARAISO;1330703659;20260806
Cancelada;VALPARAISO;1329476137;20260803
Cancelada;VINA DEL MAR;1330790090;20260806
Cancelada;VALPARAISO;1320727295;20260718
Cancelada;VALPARAISO;1329548906;20260803
Cancelada;VALPARAISO;1330267839;20260805
Cancelada;VINA DEL MAR;1334169927;20260812
Cancelada;VALPARAISO;1329367852;20260803
Cancelada;VALPARAISO;1335794307;20260814
Cancelada;VALPARAISO;1325657621;20260728
Cancelada;VALPARAISO;1323246666;20260723
Cancelada;VINA DEL MAR;1325061229;20260727
Cancelada;VALPARAISO;1330639307;20260806
Cancelada;VALPARAISO;1328942777;20260802
Cancelada;SAN ANTONIO;1329375112;20260803
Cancelada;VINA DEL MAR;1332030810;20260807
Cancelada;VALPARAISO;1330773559;20260806
Cancelada;VALPARAISO;1329320753;20260803
Emision;VINA DEL MAR;1330054987;20260804
Emision;VINA DEL MAR;1332933983;20260810
Emision;VINA DEL MAR;1332737764;20260809
Emision;VINA DEL MAR;1334402548;20260813
Emision;VALPARAISO;1329327152;20260803
Emision;VINA DEL MAR;1329524315;20260803
Emision;VALPARAISO;1330728491;20260806
Emision;VALPARAISO;1329812883;20260804
Emision;VINA DEL MAR;1333006094;20260810
Emision;VALPARAISO;1332918095;20260810
Emision;VINA DEL MAR;1334215430;20260812
Emision;VINA DEL MAR;1329411959;20260803
Emision;VALPARAISO;1334393899;20260813
Emision;VALPARAISO;1331718218;20260807
Emision;VINA DEL MAR;1334169927;20260812
Emision;VINA DEL MAR;1329985132;20260804
Emision;SAN ANTONIO;1331903070;20260807
Emision;VALPARAISO;1329367852;20260803
Emision;VALPARAISO;1331913827;20260807
Emision;VINA DEL MAR;1334431522;20260813
Emision;SAN ANTONIO;1332907107;20260810
Emision;VALPARAISO;1331875254;20260807
Emision;SAN ANTONIO;1334474946;20260813
Emision;VALPARAISO;1332506076;20260808
Emision;VALPARAISO;1332619587;20260808
Emision;VALPARAISO;1333480372;20260811
Emision;VALPARAISO;1333048379;20260810
Emision;VINA DEL MAR;1333409413;20260811
Emision;VALPARAISO;1334222795;20260812
Cancelada;VALPARAISO;1330364852;20260805
Cancelada;VALPARAISO;1325761556;20260728
Cancelada;VALPARAISO;1323150774;20260723
Cancelada;VALPARAISO;1332558242;20260808
Cancelada;VALPARAISO;1329711464;20260804
Cancelada;VALPARAISO;1334442821;20260813
Cancelada;VINA DEL MAR;1329512602;20260803
Cancelada;VALPARAISO;1332086123;20260807
Cancelada;VINA DEL MAR;1331870937;20260807
Cancelada;VALPARAISO;1332998484;20260810
Cancelada;VALPARAISO;1324623235;20260725
Cancelada;VALPARAISO;1332126135;20260807
Cancelada;VALPARAISO;1332984862;20260810
Cancelada;VALPARAISO;1331847634;20260807
Cancelada;VALPARAISO;1330521630;20260805
Cancelada;VINA DEL MAR;1329903009;20260804
Cancelada;VALPARAISO;1330500804;20260805
Cancelada;VALPARAISO;1327104177;20260730
Cancelada;VINA DEL MAR;1329973663;20260804
Cancelada;VINA DEL MAR;1327852385;20260731
Cancelada;VALPARAISO;1319775290;20260716
Cancelada;VALPARAISO;1326428238;20260729
Cancelada;VALPARAISO;1326128224;20260729
Cancelada;VINA DEL MAR;1314982690;20260709
Emision;VALPARAISO;1333206800;20260811
Emision;VALPARAISO;1332641442;20260808
Emision;VINA DEL MAR;1330212970;20260805
Emision;VINA DEL MAR;1328867682;20260801
Emision;VALPARAISO;1332907823;20260810
Emision;VALPARAISO;1329262088;20260803
Emision;VALPARAISO;1332175424;20260807
Emision;VALPARAISO;1332515084;20260808
Emision;VINA DEL MAR;1334437361;20260813
Emision;VALPARAISO;1332897483;20260810
Emision;VALPARAISO;1333847762;20260812
Emision;VALPARAISO;1330348249;20260805
Emision;VINA DEL MAR;1334196542;20260812
Emision;VALPARAISO;1334513898;20260813
Emision;SAN ANTONIO;1335623188;20260814
Emision;VALPARAISO;1334505428;20260813
Emision;VALPARAISO;1334422809;20260813
Emision;VINA DEL MAR;1332746024;20260809
Emision;SAN ANTONIO;1330449339;20260805
Emision;VINA DEL MAR;1329513023;20260803
Emision;VALPARAISO;1330592840;20260806
Emision;VALPARAISO;1329110418;20260802
Emision;VALPARAISO;1330469842;20260805
Emision;VINA DEL MAR;1334400747;20260813
Emision;VALPARAISO;1329021528;20260802
Emision;VALPARAISO;1334390902;20260813
Emision;VALPARAISO;1330746846;20260806
Emision;VALPARAISO;1330343277;20260805
Emision;VINA DEL MAR;1332719228;20260809
Emision;VINA DEL MAR;1329944156;20260804
Emision;VINA DEL MAR;1333356791;20260811
Emision;VALPARAISO;1334499680;20260813
Emision;VINA DEL MAR;1329444655;20260803
Emision;VALPARAISO;1330373188;20260805
Emision;VALPARAISO;1330487083;20260805
Emision;VALPARAISO;1330063780;20260804
Emision;VALPARAISO;1330751030;20260806
Emision;VINA DEL MAR;1333043641;20260810
Emision;VINA DEL MAR;1334461628;20260813
Cancelada;VINA DEL MAR;1330366052;20260805
Cancelada;VINA DEL MAR;1329413612;20260803
Cancelada;VINA DEL MAR;1330635100;20260806
Cancelada;VINA DEL MAR;1325613423;20260728
Cancelada;VALPARAISO;1329758687;20260804
Cancelada;VINA DEL MAR;1330280479;20260805
Cancelada;VALPARAISO;1332545389;20260808
Cancelada;VALPARAISO;1333044022;20260810
Cancelada;VALPARAISO;1328507690;20260801
Cancelada;VALPARAISO;1314252254;20260708
Cancelada;VALPARAISO;1332966144;20260810
Cancelada;VINA DEL MAR;1330436605;20260805
Cancelada;VALPARAISO;1327690921;20260731
Cancelada;VALPARAISO;1331737350;20260807
Cancelada;VALPARAISO;1332881823;20260810
Cancelada;VALPARAISO;1327343038;20260730
Cancelada;VINA DEL MAR;1331854596;20260807
Emision;VINA DEL MAR;1335726030;20260814
Emision;VINA DEL MAR;1330206488;20260805
Emision;SAN ANTONIO;1332204435;20260807
Emision;VALPARAISO;1334518233;20260813
Emision;VALPARAISO;1335993771;20260815
Emision;VINA DEL MAR;1330686183;20260806
Emision;SAN ANTONIO;1335846078;20260814
Emision;VALPARAISO;1335965057;20260815
Emision;VALPARAISO;1334339484;20260813
Emision;VINA DEL MAR;1331964094;20260807
Emision;VALPARAISO;1329555137;20260803
Emision;VALPARAISO;1335517125;20260814
Emision;VINA DEL MAR;1335782571;20260814
Emision;VALPARAISO;1332660894;20260808
Emision;VALPARAISO;1333368998;20260811
Emision;VALPARAISO;1332578013;20260808
Emision;VALPARAISO;1334404788;20260813
Emision;VALPARAISO;1329988454;20260804
Emision;VALPARAISO;1332126434;20260807
Emision;VALPARAISO;1335734462;20260814
Emision;VINA DEL MAR;1331784043;20260807
Emision;VALPARAISO;1334314467;20260813
Emision;VALPARAISO;1330523148;20260805
Emision;VALPARAISO;1335794307;20260814
Emision;VALPARAISO;1328666837;20260801
Emision;VINA DEL MAR;1330485800;20260805
Emision;VINA DEL MAR;1329542719;20260803
Emision;VALPARAISO;1333723067;20260812
Emision;VALPARAISO;1332528151;20260808
Emision;VALPARAISO;1334409856;20260813
Emision;VALPARAISO;1332504379;20260808
Emision;VALPARAISO;1333447276;20260811
Emision;VALPARAISO;1328579082;20260801
Emision;VINA DEL MAR;1333811770;20260812
Emision;VALPARAISO;1332108564;20260807
Emision;VINA DEL MAR;1330297606;20260805
Cancelada;VALPARAISO;1330521283;20260805
Cancelada;VALPARAISO;1333353972;20260811
Cancelada;VALPARAISO;1332832054;20260810
Cancelada;VINA DEL MAR;1330062438;20260804
Cancelada;VALPARAISO;1329443566;20260803
Cancelada;VINA DEL MAR;1334434109;20260813
Cancelada;VALPARAISO;1333048544;20260810
Cancelada;VALPARAISO;1327749514;20260731
Cancelada;VINA DEL MAR;1327859991;20260731
Cancelada;VALPARAISO;1325791692;20260728
Cancelada;VALPARAISO;1330714571;20260806
Cancelada;VALPARAISO;1332064599;20260807
Cancelada;VALPARAISO;1329056381;20260802
Cancelada;VINA DEL MAR;1317418091;20260713
Cancelada;VINA DEL MAR;1330714386;20260806
Cancelada;VALPARAISO;1329334873;20260803
Cancelada;VINA DEL MAR;1321609973;20260719
Cancelada;VINA DEL MAR;1325751596;20260728
Cancelada;VINA DEL MAR;1325771968;20260728
Cancelada;VALPARAISO;1330313224;20260805
Emision;VINA DEL MAR;1334406736;20260813
Emision;VINA DEL MAR;1332484653;20260808
Emision;VALPARAISO;1330354328;20260805
Emision;VALPARAISO;1329496186;20260803
Emision;VINA DEL MAR;1332931370;20260810
Emision;VINA DEL MAR;1334409777;20260813
Emision;VINA DEL MAR;1329526573;20260803
Emision;VALPARAISO;1332843521;20260810
Emision;VINA DEL MAR;1335670433;20260814
Emision;VINA DEL MAR;1333042666;20260810
Emision;SAN ANTONIO;1332156424;20260807
Emision;VALPARAISO;1335485262;20260814
Emision;VALPARAISO;1332171278;20260807
Emision;VALPARAISO;1330070937;20260804
Emision;VINA DEL MAR;1335461154;20260814
Emision;VINA DEL MAR;1334407459;20260813
Emision;VINA DEL MAR;1331985176;20260807
Emision;VALPARAISO;1329972875;20260804
Emision;VALPARAISO;1329526193;20260803
Emision;VALPARAISO;1329185677;20260803
Emision;VINA DEL MAR;1333277710;20260811
Emision;VALPARAISO;1331875316;20260807
Emision;VALPARAISO;1330639307;20260806
Emision;VALPARAISO;1334224356;20260812
Emision;VALPARAISO;1332943534;20260810
Emision;VALPARAISO;1328942777;20260802
Emision;VALPARAISO;1329387995;20260803
Emision;SAN ANTONIO;1329375112;20260803
Emision;VINA DEL MAR;1330427200;20260805
Emision;VINA DEL MAR;1332536854;20260808
Emision;VALPARAISO;1329680315;20260804
Emision;VALPARAISO;1329248397;20260803
Cancelada;VINA DEL MAR;1327877466;20260731
Cancelada;VINA DEL MAR;1327387483;20260730
Cancelada;VINA DEL MAR;1329512198;20260803
Cancelada;VINA DEL MAR;1329980380;20260804
Cancelada;VALPARAISO;1330486808;20260805
Cancelada;VALPARAISO;1330617842;20260806
Cancelada;VALPARAISO;1329082975;20260802
Cancelada;VINA DEL MAR;1330325296;20260805
Cancelada;VINA DEL MAR;1330066416;20260804
Emision;VALPARAISO;1329251056;20260803
Emision;VALPARAISO;1336020482;20260815
Emision;VINA DEL MAR;1332854772;20260810
Emision;VALPARAISO;1332143168;20260807
Emision;VALPARAISO;1330064606;20260804
Emision;VALPARAISO;1332733449;20260809
Emision;VALPARAISO;1333822747;20260812
Emision;VALPARAISO;1330724122;20260806
Emision;VINA DEL MAR;1328595599;20260801
Emision;VALPARAISO;1332856766;20260810
Emision;VALPARAISO;1332108279;20260807
Emision;VALPARAISO;1329206981;20260803
Emision;VALPARAISO;1330585994;20260806
Emision;VINA DEL MAR;1330025006;20260804
Emision;VINA DEL MAR;1330672124;20260806
Emision;VALPARAISO;1330456379;20260805
Emision;VALPARAISO;1328601370;20260801
Emision;VALPARAISO;1333918898;20260812
Emision;VALPARAISO;1329687889;20260804
Emision;VALPARAISO;1330063813;20260804
Emision;VINA DEL MAR;1335452409;20260814
Emision;VALPARAISO;1328954480;20260802
Emision;VALPARAISO;1335614483;20260814
Emision;VALPARAISO;1329542064;20260803
Emision;VALPARAISO;1330417965;20260805
Emision;VALPARAISO;1328796366;20260801
Emision;VALPARAISO;1329537196;20260803
Emision;VALPARAISO;1331937881;20260807
Emision;VINA DEL MAR;1332886788;20260810
Emision;VALPARAISO;1335843108;20260814
Emision;VALPARAISO;1329581263;20260803
Emision;VALPARAISO;1332731765;20260809
Emision;VALPARAISO;1333225737;20260811
Emision;VALPARAISO;1332832835;20260810
Emision;VINA DEL MAR;1333839051;20260812
Emision;VINA DEL MAR;1334212092;20260812
Emision;VINA DEL MAR;1330021101;20260804
Emision;VALPARAISO;1330321584;20260805
Emision;VINA DEL MAR;1336090085;20260815
Cancelada;VALPARAISO;1328509200;20260801
Cancelada;VALPARAISO;1330092212;20260804
Cancelada;VALPARAISO;1332121019;20260807
Cancelada;VALPARAISO;1325716503;20260728
Cancelada;VALPARAISO;1330206995;20260805
Cancelada;VINA DEL MAR;1333270367;20260811
Cancelada;VALPARAISO;1329190526;20260803
Cancelada;VINA DEL MAR;1322783782;20260722
Cancelada;VALPARAISO;1330580303;20260806
Cancelada;VALPARAISO;1330472968;20260805
Cancelada;VALPARAISO;1326104514;20260729
Cancelada;VINA DEL MAR;1328951659;20260802
Cancelada;VALPARAISO;1328865382;20260801
Cancelada;VINA DEL MAR;1330771934;20260806
Cancelada;VINA DEL MAR;1326513729;20260729
Cancelada;VALPARAISO;1323567158;20260724
Emision;VINA DEL MAR;1334338346;20260813
Emision;VINA DEL MAR;1329920332;20260804
Emision;VINA DEL MAR;1330505957;20260805
Emision;VINA DEL MAR;1333848948;20260812
Emision;VALPARAISO;1332460485;20260808
Emision;VALPARAISO;1332072063;20260807
Emision;VALPARAISO;1332586389;20260808
Emision;VALPARAISO;1334520393;20260813
Emision;VINA DEL MAR;1333040766;20260810
Emision;VALPARAISO;1331980407;20260807
Emision;VALPARAISO;1329699446;20260804
Emision;VINA DEL MAR;1334209875;20260812
Emision;VALPARAISO;1333418690;20260811
Emision;VALPARAISO;1332710121;20260809
Emision;VALPARAISO;1333033113;20260810
Emision;VINA DEL MAR;1334452360;20260813
Emision;VALPARAISO;1332549272;20260808
Emision;VALPARAISO;1336008046;20260815
Emision;VALPARAISO;1334587977;20260814
Emision;VINA DEL MAR;1331789224;20260807
Emision;VALPARAISO;1328716455;20260801
Emision;VALPARAISO;1332998954;20260810
Emision;VALPARAISO;1328853053;20260801
Emision;VALPARAISO;1329763701;20260804
Emision;VINA DEL MAR;1330407829;20260805
Emision;VINA DEL MAR;1330508647;20260805
Emision;VALPARAISO;1329690016;20260804
Emision;VINA DEL MAR;1329065098;20260802
Emision;VALPARAISO;1329392265;20260803
Emision;VINA DEL MAR;1330475941;20260805
Emision;SAN ANTONIO;1330191416;20260805
Emision;VALPARAISO;1335644302;20260814
Emision;VALPARAISO;1336000249;20260815
Emision;VALPARAISO;1330037916;20260804
Emision;VALPARAISO;1333217774;20260811
Emision;VALPARAISO;1334216793;20260812
Emision;VINA DEL MAR;1334317883;20260813
Emision;VINA DEL MAR;1332030810;20260807
Emision;VINA DEL MAR;1328688355;20260801
Emision;VALPARAISO;1334425005;20260813
Emision;VALPARAISO;1332213768;20260807
Emision;VALPARAISO;1332465898;20260808
Emision;VALPARAISO;1332509441;20260808
Emision;SAN ANTONIO;1330792228;20260806
Emision;VINA DEL MAR;1333367890;20260811
Emision;VALPARAISO;1332950612;20260810
Emision;VALPARAISO;1330773559;20260806
Emision;VALPARAISO;1329320753;20260803
Emision;VALPARAISO;1333707721;20260812
Cancelada;VALPARAISO;1334217889;20260812
Cancelada;VINA DEL MAR;1332809980;20260810
Cancelada;VINA DEL MAR;1332836955;20260810
Cancelada;VALPARAISO;1329952352;20260804
Cancelada;VALPARAISO;1332965981;20260810
Cancelada;VALPARAISO;1329550407;20260803
Cancelada;VALPARAISO;1329963058;20260804
Cancelada;SAN ANTONIO;1321810164;20260720
Cancelada;VALPARAISO;1331880526;20260807
Cancelada;VALPARAISO;1327916564;20260731
Cancelada;VINA DEL MAR;1334479018;20260813
Cancelada;VALPARAISO;1327780249;20260731
Cancelada;VALPARAISO;1335791839;20260814
Cancelada;VINA DEL MAR;1333044948;20260810
Cancelada;VALPARAISO;1327258587;20260730
Cancelada;VALPARAISO;1330001598;20260804
Cancelada;VALPARAISO;1333399073;20260811
Emision;VALPARAISO;1335861488;20260814
Emision;VALPARAISO;1328951436;20260802
Emision;VINA DEL MAR;1329188124;20260803
Emision;VALPARAISO;1328865350;20260801
Emision;VINA DEL MAR;1331906599;20260807
Emision;SAN ANTONIO;1334422793;20260813
Emision;VINA DEL MAR;1330525191;20260805
Emision;VALPARAISO;1330730491;20260806
Emision;VINA DEL MAR;1329766749;20260804
Emision;VALPARAISO;1332013259;20260807
Emision;VINA DEL MAR;1330639255;20260806
Emision;VALPARAISO;1333030496;20260810
Emision;VINA DEL MAR;1329452241;20260803
Emision;SAN ANTONIO;1335659150;20260814
Emision;VINA DEL MAR;1330281565;20260805
Emision;VINA DEL MAR;1328974415;20260802
Emision;VALPARAISO;1331788423;20260807
Emision;VINA DEL MAR;1333290974;20260811
Emision;VALPARAISO;1329142252;20260802
Emision;VINA DEL MAR;1330610579;20260806
Emision;VALPARAISO;1329902796;20260804
Emision;VINA DEL MAR;1332214896;20260807
Emision;SAN ANTONIO;1329346903;20260803
Emision;VINA DEL MAR;1333938403;20260812
Emision;VINA DEL MAR;1335657235;20260814
Emision;VALPARAISO;1334084099;20260812
Emision;VINA DEL MAR;1330722172;20260806
Emision;VINA DEL MAR;1330490266;20260805
Emision;VINA DEL MAR;1336035441;20260815
Emision;VALPARAISO;1335627540;20260814
Emision;VINA DEL MAR;1332981745;20260810
Emision;VINA DEL MAR;1333730792;20260812
Emision;VINA DEL MAR;1332828678;20260810
Emision;VALPARAISO;1336003818;20260815
Emision;VALPARAISO;1331777525;20260807
Emision;VALPARAISO;1334475282;20260813
Emision;VALPARAISO;1330317118;20260805
Emision;VALPARAISO;1333190239;20260811
Emision;VINA DEL MAR;1333874068;20260812
Emision;VALPARAISO;1335830708;20260814
Emision;VALPARAISO;1330027333;20260804
Emision;VINA DEL MAR;1334438261;20260813
Emision;VINA DEL MAR;1335821885;20260814
Emision;VALPARAISO;1330213016;20260805
Emision;VALPARAISO;1335765090;20260814
Emision;VALPARAISO;1329501893;20260803
Emision;VINA DEL MAR;1329470067;20260803
Emision;VALPARAISO;1329482516;20260803
Emision;VINA DEL MAR;1333333214;20260811
Emision;VALPARAISO;1333403812;20260811
Emision;VALPARAISO;1330073757;20260804
Emision;VINA DEL MAR;1335615247;20260814
Emision;VINA DEL MAR;1333997304;20260812
Cancelada;VINA DEL MAR;1329580529;20260803
Cancelada;VALPARAISO;1330670626;20260806
Cancelada;VALPARAISO;1330682465;20260806
Cancelada;SAN ANTONIO;1332616340;20260808
Cancelada;VALPARAISO;1328055130;20260731
Cancelada;SAN ANTONIO;1331971462;20260807
Cancelada;VALPARAISO;1329842979;20260804
Cancelada;VALPARAISO;1329783709;20260804
Cancelada;VALPARAISO;1327670251;20260731
Cancelada;VALPARAISO;1327157735;20260730
Cancelada;VINA DEL MAR;1327386467;20260730
Cancelada;VINA DEL MAR;1332143799;20260807
Cancelada;VALPARAISO;1322927841;20260722
Cancelada;VINA DEL MAR;1330065363;20260804
Emision;VALPARAISO;1330444803;20260805
Emision;VINA DEL MAR;1333847873;20260812
Emision;VINA DEL MAR;1329489842;20260803
Emision;VINA DEL MAR;1330603425;20260806
Emision;VALPARAISO;1332759862;20260809
Emision;VINA DEL MAR;1334433733;20260813
Emision;VINA DEL MAR;1333316186;20260811
Emision;VALPARAISO;1333409644;20260811
Emision;VINA DEL MAR;1335833707;20260814
Emision;SAN ANTONIO;1329284252;20260803
Emision;VINA DEL MAR;1333797886;20260812
Emision;VALPARAISO;1329542838;20260803
Emision;VINA DEL MAR;1330051949;20260804
Emision;VINA DEL MAR;1336028653;20260815
Emision;VINA DEL MAR;1333796530;20260812
Emision;VALPARAISO;1336027897;20260815
Emision;VINA DEL MAR;1332616533;20260808
Emision;VALPARAISO;1335758273;20260814
Emision;VINA DEL MAR;1333939865;20260812
Emision;VINA DEL MAR;1330661665;20260806
Emision;SAN ANTONIO;1330776145;20260806
Emision;VALPARAISO;1334394307;20260813
Emision;VALPARAISO;1330430899;20260805
Emision;VALPARAISO;1329228248;20260803
Emision;VALPARAISO;1333260152;20260811
Emision;VALPARAISO;1333312418;20260811
Emision;VALPARAISO;1335718754;20260814
Emision;VALPARAISO;1329460461;20260803
Emision;VALPARAISO;1335781848;20260814
Emision;VINA DEL MAR;1332850202;20260810
Emision;VINA DEL MAR;1329231488;20260803
Emision;VALPARAISO;1330400734;20260805
Emision;SAN ANTONIO;1334360737;20260813
Emision;VINA DEL MAR;1329903009;20260804
Emision;VINA DEL MAR;1333197299;20260811
Emision;VALPARAISO;1330801934;20260806
Emision;VALPARAISO;1330500804;20260805
Emision;VALPARAISO;1332606354;20260808
Emision;VALPARAISO;1329296467;20260803
Emision;VALPARAISO;1328608363;20260801
Emision;SAN ANTONIO;1330197655;20260805
Emision;VALPARAISO;1336075806;20260815
Emision;VALPARAISO;1331987717;20260807
Emision;VALPARAISO;1331841529;20260807
Emision;VINA DEL MAR;1334364758;20260813
Emision;VINA DEL MAR;1329207683;20260803
Emision;VALPARAISO;1333369137;20260811
Cancelada;VALPARAISO;1330757656;20260806
Cancelada;VALPARAISO;1333048001;20260810
Cancelada;VALPARAISO;1330030319;20260804
Cancelada;VINA DEL MAR;1333352582;20260811
Cancelada;VALPARAISO;1325564255;20260728
Cancelada;VINA DEL MAR;1322994653;20260722
Cancelada;VINA DEL MAR;1334076425;20260812
Cancelada;VINA DEL MAR;1333059049;20260810
Cancelada;VALPARAISO;1323393597;20260724
Cancelada;VALPARAISO;1329932872;20260804
Cancelada;VINA DEL MAR;1330392947;20260805
Cancelada;VALPARAISO;1324800959;20260726
Cancelada;VINA DEL MAR;1327834391;20260731
Cancelada;VALPARAISO;1332840465;20260810
Cancelada;VALPARAISO;1333351364;20260811
Cancelada;VINA DEL MAR;1330464086;20260805
Cancelada;VINA DEL MAR;1326260226;20260729
Emision;VALPARAISO;1334360137;20260813
Emision;VALPARAISO;1331980318;20260807
Emision;VINA DEL MAR;1334415862;20260813
Emision;VALPARAISO;1328904499;20260801
Emision;SAN ANTONIO;1334499248;20260813
Emision;VINA DEL MAR;1330308438;20260805
Emision;SAN ANTONIO;1332149776;20260807
Emision;VINA DEL MAR;1335697265;20260814
Emision;SAN ANTONIO;1328563038;20260801
Emision;VALPARAISO;1332052390;20260807
Emision;VALPARAISO;1329239759;20260803
Emision;VINA DEL MAR;1333025335;20260810
Emision;VALPARAISO;1332961255;20260810
Emision;VALPARAISO;1334102621;20260812
Emision;VINA DEL MAR;1334414025;20260813
Emision;VALPARAISO;1330663719;20260806
Emision;VALPARAISO;1332954202;20260810
Emision;VINA DEL MAR;1330101108;20260805
Emision;VALPARAISO;1332468201;20260808
Emision;VINA DEL MAR;1333760462;20260812
Emision;VINA DEL MAR;1335825961;20260814
Emision;VINA DEL MAR;1332803551;20260810
Emision;VALPARAISO;1329396736;20260803
Emision;VINA DEL MAR;1329921518;20260804
Emision;VALPARAISO;1333260051;20260811
Emision;VALPARAISO;1330134060;20260805
Emision;VINA DEL MAR;1335720019;20260814
Emision;VALPARAISO;1334221798;20260812
Emision;VINA DEL MAR;1335971347;20260815
Emision;VINA DEL MAR;1335719257;20260814
Emision;SAN ANTONIO;1332993547;20260810
Emision;VALPARAISO;1331979456;20260807
Emision;VALPARAISO;1332956162;20260810
Emision;VALPARAISO;1332424342;20260808
Emision;VALPARAISO;1330094558;20260804
Emision;VALPARAISO;1334523605;20260813
Emision;VALPARAISO;1333985473;20260812
Emision;VALPARAISO;1334401107;20260813
Emision;VINA DEL MAR;1332973028;20260810
Emision;VALPARAISO;1332845815;20260810
Emision;VINA DEL MAR;1332783529;20260809
Emision;VALPARAISO;1332964590;20260810
Emision;VINA DEL MAR;1329973663;20260804
Emision;VINA DEL MAR;1334395811;20260813
Emision;VALPARAISO;1328441008;20260801
Emision;VINA DEL MAR;1328506021;20260801
Emision;VALPARAISO;1330010443;20260804
Emision;SAN ANTONIO;1333353763;20260811
Emision;VINA DEL MAR;1332999327;20260810
Emision;VALPARAISO;1330172683;20260805
Cancelada;VINA DEL MAR;1329913781;20260804
Cancelada;VALPARAISO;1332981151;20260810
Cancelada;VINA DEL MAR;1332915673;20260810
Cancelada;VALPARAISO;1330470372;20260805
Cancelada;VALPARAISO;1332492550;20260808
Cancelada;VINA DEL MAR;1327682289;20260731
Cancelada;VINA DEL MAR;1330495790;20260805
Cancelada;VINA DEL MAR;1330521920;20260805
Cancelada;SAN ANTONIO;1327759704;20260731
Cancelada;VINA DEL MAR;1330033172;20260804
Cancelada;VINA DEL MAR;1325136099;20260727
Cancelada;VINA DEL MAR;1325699984;20260728
Cancelada;VALPARAISO;1329405813;20260803
Cancelada;VINA DEL MAR;1330635356;20260806
Cancelada;VALPARAISO;1328012600;20260731
Cancelada;VINA DEL MAR;1329879610;20260804
Cancelada;VINA DEL MAR;1333286566;20260811
Cancelada;VALPARAISO;1328013929;20260731
Cancelada;VALPARAISO;1333374729;20260811
Cancelada;VALPARAISO;1326222736;20260729
Cancelada;SAN ANTONIO;1326947831;20260729
Emision;VALPARAISO;1334126280;20260812
Emision;VALPARAISO;1333021358;20260810
Emision;VALPARAISO;1330253740;20260805
Emision;VALPARAISO;1334149018;20260812
Emision;VINA DEL MAR;1331738227;20260807
Emision;VALPARAISO;1332087540;20260807
Emision;VINA DEL MAR;1332823022;20260810
Emision;VALPARAISO;1334502765;20260813
Emision;VINA DEL MAR;1332137495;20260807
Emision;VALPARAISO;1329753980;20260804
Emision;VINA DEL MAR;1328526980;20260801
Emision;VALPARAISO;1335490468;20260814
Emision;VALPARAISO;1330796063;20260806
Emision;VINA DEL MAR;1334420988;20260813
Emision;VALPARAISO;1329940298;20260804
Emision;VALPARAISO;1335447345;20260814
Emision;VALPARAISO;1332875622;20260810
Emision;VALPARAISO;1332164152;20260807
Emision;VINA DEL MAR;1334471021;20260813
Emision;VALPARAISO;1330654924;20260806
Emision;VALPARAISO;1328739060;20260801
Emision;VINA DEL MAR;1334104380;20260812
Emision;VINA DEL MAR;1330737221;20260806
Emision;VALPARAISO;1329251852;20260803
Emision;VALPARAISO;1334506438;20260813
Emision;VALPARAISO;1330006345;20260804
Emision;VINA DEL MAR;1330351524;20260805
Emision;VALPARAISO;1333338513;20260811
Emision;VALPARAISO;1331920655;20260807
Emision;VALPARAISO;1332918622;20260810
Emision;SAN ANTONIO;1331979949;20260807
Emision;VALPARAISO;1330611385;20260806
Emision;VALPARAISO;1332454858;20260808
Emision;VALPARAISO;1330230489;20260805
Emision;VALPARAISO;1334448501;20260813
Emision;VALPARAISO;1334479347;20260813
Cancelada;VINA DEL MAR;1331661272;20260807
Cancelada;VINA DEL MAR;1332923532;20260810
Cancelada;VALPARAISO;1326420799;20260729
Cancelada;VALPARAISO;1329397141;20260803
Cancelada;VINA DEL MAR;1329371732;20260803
Cancelada;VALPARAISO;1329882068;20260804
Cancelada;VALPARAISO;1330667402;20260806
Cancelada;VINA DEL MAR;1329552743;20260803
Cancelada;VALPARAISO;1328140147;20260731
Cancelada;VALPARAISO;1325668591;20260728
Cancelada;VALPARAISO;1329558167;20260803
Cancelada;VALPARAISO;1330213336;20260805
Cancelada;VALPARAISO;1326055392;20260729
Emision;VINA DEL MAR;1333372621;20260811
Emision;VINA DEL MAR;1333240767;20260811
Emision;VALPARAISO;1330704800;20260806
Emision;VALPARAISO;1328965041;20260802
Emision;VALPARAISO;1329708203;20260804
Emision;VINA DEL MAR;1332715669;20260809
Emision;VALPARAISO;1330029722;20260804
Emision;VINA DEL MAR;1333273564;20260811
Emision;SAN ANTONIO;1335529788;20260814
Emision;VALPARAISO;1333724164;20260812
Emision;VINA DEL MAR;1333850868;20260812
Emision;VINA DEL MAR;1333025793;20260810
Emision;VINA DEL MAR;1329758178;20260804
Emision;SAN ANTONIO;1333271252;20260811
Emision;VALPARAISO;1335733874;20260814
Emision;VINA DEL MAR;1329095316;20260802
Emision;VINA DEL MAR;1329766397;20260804
Emision;VINA DEL MAR;1333020592;20260810
Emision;VINA DEL MAR;1330094702;20260804
Emision;VALPARAISO;1329175931;20260803
Emision;VINA DEL MAR;1332841394;20260810
Emision;VINA DEL MAR;1329766561;20260804
Emision;VALPARAISO;1330423610;20260805
Emision;VALPARAISO;1331884153;20260807
Emision;VALPARAISO;1332891131;20260810
Emision;VALPARAISO;1336074479;20260815
Emision;VALPARAISO;1334390642;20260813
Emision;VINA DEL MAR;1332173913;20260807
Emision;VALPARAISO;1329396543;20260803
Emision;VINA DEL MAR;1330489779;20260805
Emision;VALPARAISO;1332200917;20260807
Emision;VINA DEL MAR;1335878088;20260814
Emision;VALPARAISO;1329536614;20260803
Emision;VINA DEL MAR;1333392146;20260811
Emision;VINA DEL MAR;1330074442;20260804
Emision;VINA DEL MAR;1335962696;20260815
Emision;VINA DEL MAR;1335865642;20260814
Emision;VINA DEL MAR;1332761838;20260809
Emision;VINA DEL MAR;1328951290;20260802
Emision;VALPARAISO;1330790658;20260806
Cancelada;VALPARAISO;1328535074;20260801
Cancelada;VINA DEL MAR;1322206243;20260721
Cancelada;VALPARAISO;1328612764;20260801
Cancelada;VINA DEL MAR;1329482011;20260803
Cancelada;VALPARAISO;1333919441;20260812
Cancelada;SAN ANTONIO;1333302354;20260811
Cancelada;VALPARAISO;1333038124;20260810
Cancelada;VALPARAISO;1333017781;20260810
Cancelada;VALPARAISO;1329309389;20260803
Cancelada;VINA DEL MAR;1333296670;20260811
Cancelada;VALPARAISO;1332020434;20260807
Cancelada;VALPARAISO;1329695992;20260804
Cancelada;VALPARAISO;1330575970;20260806
Cancelada;VINA DEL MAR;1327302589;20260730
Cancelada;SAN ANTONIO;1330331611;20260805
Cancelada;VALPARAISO;1327723730;20260731
Cancelada;VALPARAISO;1322051373;20260720
Cancelada;VALPARAISO;1330508326;20260805
Cancelada;VINA DEL MAR;1332873180;20260810
